# Host: localhost  (Version: 5.5.53)
# Date: 2020-04-22 10:51:23
# Generator: MySQL-Front 5.3  (Build 4.234)

/*!40101 SET NAMES utf8 */;

#
# Structure for table "hm_ad"
#

DROP TABLE IF EXISTS `hm_ad`;
CREATE TABLE `hm_ad` (
  `id` int(11) NOT NULL AUTO_INCREMENT,
  `position_id` int(11) NOT NULL DEFAULT '0' COMMENT '关联广告位置',
  `name` varchar(20) NOT NULL DEFAULT '' COMMENT '广告名称',
  `image` varchar(50) NOT NULL DEFAULT '' COMMENT '广告图片url',
  `url` varchar(50) NOT NULL DEFAULT '' COMMENT '点击广告链接url',
  PRIMARY KEY (`id`),
  KEY `position_id` (`position_id`)
) ENGINE=MyISAM AUTO_INCREMENT=68 DEFAULT CHARSET=utf8;

#
# Data for table "hm_ad"
#

/*!40000 ALTER TABLE `hm_ad` DISABLE KEYS */;
INSERT INTO `hm_ad` VALUES (51,2,'医院俯视图','/uploadimages/0503211050.jpg','http://wechat.jiuyibang.net/index.php/Home/YuyueOn'),(55,2,'护士病人图','/uploadimages/0503211129.jpg','0'),(56,2,'医院内部图','/uploadimages/0503211141.jpg','http://wechat.jiuyibang.net/index.php/Home/YuyueOn'),(57,2,'守护爱心图','/uploadimages/0503211159.jpg','http://wechat.jiuyibang.net/index.php/Home/YuyueOn'),(67,2,'医院俯视图','/uploadimages/0503211103.jpg','');
/*!40000 ALTER TABLE `hm_ad` ENABLE KEYS */;

#
# Structure for table "hm_ad_position"
#

DROP TABLE IF EXISTS `hm_ad_position`;
CREATE TABLE `hm_ad_position` (
  `id` int(11) NOT NULL AUTO_INCREMENT COMMENT '广告位置表',
  `name` varchar(20) NOT NULL DEFAULT '' COMMENT '广告位置名称',
  PRIMARY KEY (`id`)
) ENGINE=MyISAM AUTO_INCREMENT=4502 DEFAULT CHARSET=utf8;

#
# Data for table "hm_ad_position"
#

/*!40000 ALTER TABLE `hm_ad_position` DISABLE KEYS */;
INSERT INTO `hm_ad_position` VALUES (2,'首页轮播广告'),(4500,'首页碰撞广告'),(4501,'首页弹出广告');
/*!40000 ALTER TABLE `hm_ad_position` ENABLE KEYS */;

#
# Structure for table "hm_admin"
#

DROP TABLE IF EXISTS `hm_admin`;
CREATE TABLE `hm_admin` (
  `id` int(11) NOT NULL AUTO_INCREMENT COMMENT '后台管理员表',
  `username` varchar(20) NOT NULL,
  `password` varchar(64) NOT NULL,
  `lasttime` int(11) NOT NULL DEFAULT '0',
  `IP` varchar(32) NOT NULL,
  PRIMARY KEY (`id`)
) ENGINE=MyISAM AUTO_INCREMENT=1251 DEFAULT CHARSET=utf8 COMMENT='管理员表';

#
# Data for table "hm_admin"
#

/*!40000 ALTER TABLE `hm_admin` DISABLE KEYS */;
INSERT INTO `hm_admin` VALUES (1,'admin3','eccbc87e4b5ce2fe28308fd9f2a7baf3',0,'0'),(7,'czb','a35f4223bb8f6c8638dc91d94e9b16f5',7,'7'),(11,'gusher','e10adc3949ba59abbe56e057f20f883e',1550912435,'183.7.83.188'),(1247,'文章管理员','8f14e45fceea167a5a36dedd4bea2543',1556938204,'::1'),(1248,'文章审核管理员','8f14e45fceea167a5a36dedd4bea2543',1556939446,'::1'),(1249,'广告管理员','8f14e45fceea167a5a36dedd4bea2543',1556939458,'::1'),(1250,'公告管理员','8f14e45fceea167a5a36dedd4bea2543',1556939468,'::1');
/*!40000 ALTER TABLE `hm_admin` ENABLE KEYS */;

#
# Structure for table "hm_admin_log"
#

DROP TABLE IF EXISTS `hm_admin_log`;
CREATE TABLE `hm_admin_log` (
  `id` int(10) unsigned NOT NULL AUTO_INCREMENT COMMENT '管理员操作日志表',
  `admin_id` int(11) NOT NULL DEFAULT '0',
  `log_info` text NOT NULL,
  `log_ip` varchar(32) NOT NULL DEFAULT '',
  `log_time` int(10) unsigned NOT NULL DEFAULT '0',
  PRIMARY KEY (`id`),
  KEY `admin_id` (`admin_id`)
) ENGINE=MyISAM AUTO_INCREMENT=10684 DEFAULT CHARSET=utf8;

#
# Data for table "hm_admin_log"
#

/*!40000 ALTER TABLE `hm_admin_log` DISABLE KEYS */;
INSERT INTO `hm_admin_log` VALUES (3,1,'增加广告，ID：5','127.0.0.1',1551105302),(61,1,'后台登录','127.0.0.1',1504659443),(62,1,'新增文章分类，ID：9','127.0.0.1',1504663390),(63,1,'编辑文章分类，ID：9','127.0.0.1',1504663613),(64,1,'后台登录','127.0.0.1',1512121379),(65,1,'后台登录','127.0.0.1',1512175470),(66,1,'更改商品上下架状态，ID：9','127.0.0.1',1512175477),(10103,7,'新建管理员 ID:1245 到角色 ID :8','::1',1551148997),(10104,7,'编辑管理员 ID :1245 到角色 ID :2','::1',1551149006),(10105,7,'编辑管理员 ID :1241 到角色 ID :2','::1',1551149013),(10106,7,'删除管理员列表 ID :1245','::1',1551149022),(10130,7,'删除了文章分类 ID :19','::1',1551184758),(10131,7,'删除了文章分类 ID :8','::1',1551184823),(10132,7,'编辑了文章分类 ID :18','::1',1551185666),(10133,7,'编辑了文章分类 ID :18','::1',1551185678),(10134,7,'添加了文章分类 ID :20','::1',1551185690),(10135,7,'删除了文章分类 ID :9','::1',1551185749),(10136,7,'后台登录','::1',1551186971),(10137,7,'删除文章 ID :7','::1',1551188138),(10138,7,'后台登录','::1',1551190079),(10139,7,'后台登录','::1',1551192201),(10140,7,'后台登录','::1',1551193863),(10141,7,'后台登录','::1',1551229018),(10142,7,'增加了文章 ID :8','::1',1551230507),(10143,7,'编辑了文章 ID :8','::1',1551231324),(10144,7,'编辑了文章 ID :8','::1',1551231407),(10145,7,'编辑了文章 ID :8','::1',1551231454),(10146,7,'编辑了文章 ID :8','::1',1551232052),(10147,7,'编辑了文章 ID :3','::1',1551232715),(10148,7,'编辑了文章 ID :1','::1',1551232734),(10149,7,'增加了文章 ID :9','::1',1551232757),(10150,7,'删除文章 ID :9','::1',1551232771),(10151,7,'编辑了文章 ID :8','::1',1551232851),(10152,7,'后台登录','116.26.135.4',1551233170),(10153,7,'编辑了文章 ID :3','116.26.135.4',1551233249),(10154,7,'后台登录','::1',1551234145),(10155,7,'编辑广告列表 ID :51','::1',1551234485),(10156,7,'编辑广告列表 ID :60','::1',1551234489),(10157,7,'编辑广告列表 ID :55','::1',1551234496),(10158,7,'编辑广告列表 ID :39','::1',1551235356),(10159,7,'编辑广告列表 ID :39','::1',1551235480),(10160,7,'编辑广告列表 ID :39','::1',1551235502),(10161,7,'编辑了文章 ID :8','::1',1551235554),(10162,7,'后台登录','::1',1551238053),(10163,7,'删除公告 ID :46','::1',1551238212),(10164,7,'编辑了公告 ID :15','::1',1551239559),(10165,7,'编辑了公告 ID :44','::1',1551239582),(10166,7,'增加了公告 ID :47','::1',1551239613),(10167,7,'删除公告 ID :47','::1',1551239668),(10168,7,'编辑了公告 ID :45','::1',1551239961),(10169,7,'后台登录','::1',1551246224),(10170,7,'后台登录','::1',1551249331),(10171,7,'后台登录','::1',1551251649),(10172,7,'编辑了公告 ID :8','::1',1551251696),(10173,7,'增加了医生 ID :3','::1',1551254468),(10174,7,'编辑了医生 ID :2','::1',1551254533),(10175,7,'删除医生 ID :2','::1',1551254548),(10176,7,'后台登录','::1',1551260697),(10177,7,'后台登录','::1',1551261834),(10178,7,'后台登录','::1',1551261869),(10179,7,'后台登录','::1',1551270739),(10180,7,'后台登录','116.26.135.4',1551271037),(10181,7,'后台登录','::1',1551271905),(10182,-1,'编辑了医生 ID :1','::1',1551275919),(10183,-1,'编辑了文章 ID :1','::1',1551276134),(10184,7,'编辑了文章 ID :1','::1',1551278187),(10185,7,'编辑了文章 ID :2','::1',1551278201),(10186,-1,'编辑了文章 ID :1','::1',1551278552),(10187,7,'增加了文章 ID :11','::1',1551279123),(10188,7,'增加了文章 ID :12','::1',1551279212),(10189,7,'编辑了文章 ID :12','::1',1551279227),(10190,-1,'编辑角色 ID :6','::1',1551279724),(10191,-1,'编辑角色 ID :6','::1',1551279729),(10192,7,'后台登录','::1',1551280112),(10193,7,'编辑了文章 ID :1','::1',1551280126),(10194,7,'增加了文章 ID :13','::1',1551280137),(10195,7,'删除文章 ID :12','::1',1551280224),(10196,7,'增加了文章 ID :14','::1',1551280246),(10197,7,'删除文章 ID :14','::1',1551280257),(10198,-1,'编辑了公告 ID :8','::1',1551280490),(10199,-1,'编辑角色 ID :6','::1',1551281066),(10200,7,'后台登录','::1',1551281457),(10201,7,'编辑审核状态 id : 2','::1',1551281665),(10202,7,'编辑审核状态 id : 3','::1',1551281667),(10203,7,'编辑审核状态 id : 3','::1',1551281697),(10204,7,'编辑审核状态 id : 2','::1',1551281698),(10205,7,'编辑审核状态 id : 3','::1',1551281700),(10206,7,'编辑审核状态 id : 2','::1',1551281702),(10207,7,'编辑审核状态 id : 8','::1',1551281704),(10208,7,'编辑审核状态 id : 13','::1',1551281705),(10209,7,'后台登录','::1',1551319744),(10210,7,'编辑审核状态 id : 3','::1',1551319776),(10211,7,'编辑审核状态 id : 1','::1',1551319797),(10212,7,'编辑审核状态 id : 1','::1',1551319895),(10213,7,'后台登录','116.26.135.4',1551327145),(10214,7,'后台登录','14.146.94.106',1551327268),(10215,7,'后台登录','::1',1551333348),(10216,7,'后台登录','116.26.135.4',1551334518),(10217,2,'后台登录','183.3.255.35',1551334802),(10218,7,'后台登录','116.26.138.145',1551341997),(10219,2,'后台登录','183.3.255.35',1551342054),(10220,7,'后台登录','183.3.255.35',1551342121),(10221,7,'后台登录','::1',1551343631),(10222,7,'后台登录','::1',1551358110),(10223,7,'后台登录','116.26.139.227',1551359960),(10224,7,'后台登录','::1',1551414546),(10225,7,'后台登录','223.74.126.212',1551425325),(10226,7,'后台登录','116.26.139.254',1551602669),(10227,7,'编辑审核状态 id : 8','116.26.139.254',1551602769),(10228,7,'编辑审核状态 id : 8','116.26.139.254',1551602772),(10229,7,'编辑审核状态 id : 8','116.26.139.254',1551602773),(10230,7,'编辑审核状态 id : 13','116.26.139.254',1551602775),(10231,7,'编辑审核状态 id : 1','116.26.139.254',1551602777),(10232,7,'编辑审核状态 id : 3','116.26.139.254',1551602778),(10233,7,'编辑审核状态 id : 3','116.26.139.254',1551602779),(10234,7,'编辑审核状态 id : 3','116.26.139.254',1551602780),(10235,7,'后台登录','::1',1551602827),(10236,7,'编辑审核状态 id : 13','::1',1551602834),(10237,7,'编辑审核状态 id : 2','::1',1551602860),(10238,7,'编辑审核状态 id : 8','::1',1551602863),(10239,7,'编辑审核状态 id : 1','::1',1551602898),(10240,7,'编辑审核状态 id : 1','::1',1551602992),(10241,7,'编辑审核状态 id : 2','::1',1551603202),(10242,7,'编辑审核状态 id : 2','::1',1551603204),(10243,7,'编辑审核状态 id : 2','::1',1551603230),(10244,7,'编辑审核状态 id : 2','::1',1551603232),(10245,7,'编辑审核状态 id : 2','::1',1551603235),(10246,7,'编辑审核状态 id : 3','::1',1551603237),(10247,7,'编辑审核状态 id : 1','::1',1551603239),(10248,7,'编辑审核状态 id : 1','::1',1551603241),(10249,7,'编辑审核状态 id : 3','::1',1551603243),(10250,7,'编辑审核状态 id : 2','::1',1551603244),(10251,7,'后台登录','116.26.139.254',1551606560),(10252,7,'后台登录','::1',1551666984),(10253,7,'添加广告列表 ID :65','::1',1551668161),(10254,7,'删除广告列表 ID :65','::1',1551668170),(10255,7,'后台登录','::1',1551684928),(10256,7,'添加了文章分类 ID :21','::1',1551773171),(10257,7,'添加了文章分类 ID :22','::1',1551773256),(10258,7,'后台登录','116.26.137.143',1551773257),(10259,7,'添加了文章分类 ID :23','::1',1551773268),(10260,7,'添加了文章分类 ID :24','::1',1551773278),(10261,7,'删除了文章分类 ID :20','::1',1551773283),(10262,7,'删除了文章分类 ID :3','::1',1551773289),(10263,7,'删除了文章分类 ID :13','::1',1551773296),(10264,7,'删除了文章分类 ID :7','::1',1551773309),(10265,7,'删除了文章分类 ID :6','::1',1551773312),(10266,7,'删除了文章分类 ID :5','::1',1551773316),(10267,7,'删除了文章分类 ID :4','::1',1551773318),(10268,7,'删除了文章分类 ID :1','::1',1551773321),(10269,7,'后台登录','116.26.137.143',1551778329),(10270,7,'编辑了文章分类 ID :2','116.26.137.143',1551778364),(10271,7,'添加了文章分类 ID :25','116.26.137.143',1551778433),(10272,7,'删除了文章分类 ID :25','116.26.137.143',1551778442),(10273,7,'编辑了文章分类 ID :2','116.26.137.143',1551778478),(10274,7,'编辑了文章分类 ID :2','116.26.137.143',1551778484),(10275,7,'后台登录','61.142.10.87',1551860000),(10276,7,'后台登录','::1',1551871481),(10277,7,'后台登录','61.142.10.87',1551874414),(10278,7,'后台登录','::1',1551941326),(10279,7,'后台登录','::1',1551943319),(10280,7,'编辑了医生 ID :1','::1',1551943332),(10281,7,'后台登录','::1',1551945108),(10282,7,'编辑网站底部设置 id :1','::1',1551945647),(10283,7,'编辑网站底部设置 id :1','::1',1551945712),(10284,7,'编辑网站底部设置 id :1','::1',1551945721),(10285,7,'后台登录','::1',1551946386),(10286,7,'后台登录','::1',1551946426),(10287,7,'后台登录','::1',1551946963),(10288,7,'增加了友情链接 ID :4','::1',1551946975),(10289,7,'编辑了友情链接 ID :4','::1',1551946993),(10290,7,'删除友情链接 ID :4','::1',1551946995),(10291,7,'后台登录','::1',1551964065),(10292,7,'后台登录','::1',1551972386),(10293,7,'添加了文章分类 ID :26','::1',1552009884),(10294,7,'添加了文章分类 ID :27','::1',1552009901),(10295,7,'添加了文章分类 ID :28','::1',1552009912),(10296,7,'添加了文章分类 ID :29','::1',1552009921),(10297,7,'添加了文章分类 ID :30','::1',1552009929),(10298,7,'添加了文章分类 ID :31','::1',1552009938),(10299,7,'添加了文章分类 ID :32','::1',1552009945),(10300,7,'删除了文章分类 ID :11','::1',1552009997),(10301,7,'删除了文章分类 ID :12','::1',1552010002),(10302,7,'删除了文章分类 ID :10','::1',1552010021),(10303,7,'添加了文章分类 ID :33','::1',1552010036),(10304,7,'添加了文章分类 ID :34','::1',1552010336),(10305,7,'添加了文章分类 ID :35','::1',1552010347),(10306,7,'添加了文章分类 ID :36','::1',1552010366),(10307,7,'删除广告列表 ID :39','::1',1552010423),(10308,7,'后台登录','::1',1552010425),(10309,7,'删除广告列表 ID :48','::1',1552010427),(10310,7,'删除广告列表 ID :59','::1',1552010429),(10311,7,'删除广告列表 ID :60','::1',1552010432),(10312,7,'添加广告列表 ID :66','::1',1552010456),(10313,7,'编辑广告列表 ID :66','::1',1552010522),(10314,7,'编辑广告列表 ID :57','::1',1552010567),(10315,7,'编辑广告列表 ID :55','::1',1552010597),(10316,7,'编辑广告列表 ID :51','::1',1552010603),(10317,7,'编辑广告列表 ID :56','::1',1552010611),(10318,7,'编辑广告列表 ID :66','::1',1552010631),(10319,7,'后台登录','::1',1552013989),(10320,7,'增加了文章 ID :15','::1',1552014105),(10321,7,'增加了文章 ID :16','::1',1552014135),(10322,7,'增加了文章 ID :17','::1',1552014157),(10323,7,'增加了文章 ID :18','::1',1552014195),(10324,7,'编辑了文章 ID :2','::1',1552014657),(10325,7,'编辑了文章 ID :18','::1',1552014678),(10326,7,'增加了文章 ID :19','::1',1552015397),(10327,7,'增加了文章 ID :20','::1',1552015418),(10328,7,'增加了文章 ID :21','::1',1552015435),(10329,7,'增加了文章 ID :22','::1',1552015452),(10330,7,'增加了文章 ID :23','::1',1552015468),(10331,7,'后台登录','::1',1552020181),(10332,7,'增加了医生 ID :4','::1',1552020198),(10333,7,'增加了医生 ID :5','::1',1552020213),(10334,7,'增加了医生 ID :6','::1',1552020222),(10335,7,'增加了医生 ID :7','::1',1552020231),(10336,7,'增加了医生 ID :8','::1',1552020241),(10337,7,'增加了医生 ID :9','::1',1552020253),(10338,7,'增加了医生 ID :10','::1',1552020261),(10339,7,'增加了文章 ID :24','::1',1552020636),(10340,7,'增加了文章 ID :25','::1',1552020666),(10341,7,'增加了文章 ID :26','::1',1552020693),(10342,7,'增加了文章 ID :27','::1',1552020714),(10343,7,'增加了文章 ID :28','::1',1552020736),(10344,7,'增加了文章 ID :29','::1',1552020758),(10345,7,'增加了文章 ID :30','::1',1552020783),(10346,7,'增加了文章 ID :31','::1',1552020804),(10347,7,'增加了文章 ID :32','::1',1552020829),(10348,7,'增加了文章 ID :33','::1',1552020845),(10349,7,'增加了文章 ID :34','::1',1552020866),(10350,7,'编辑广告列表 ID :66','::1',1552021577),(10351,7,'编辑广告列表 ID :66','::1',1552021597),(10352,7,'编辑广告列表 ID :57','::1',1552021601),(10353,7,'编辑广告列表 ID :55','::1',1552021606),(10354,7,'编辑广告列表 ID :51','::1',1552021611),(10355,7,'编辑广告列表 ID :56','::1',1552021616),(10356,7,'增加了文章 ID :35','::1',1552022237),(10357,7,'增加了文章 ID :36','::1',1552022256),(10358,7,'后台登录','::1',1552032339),(10359,7,'删除了文章分类 ID :38','::1',1552032358),(10360,7,'添加了文章分类 ID :39','::1',1552032371),(10361,7,'增加了文章 ID :37','::1',1552032411),(10362,7,'增加了文章 ID :38','::1',1552032428),(10363,7,'后台登录','::1',1552033562),(10364,7,'后台登录','::1',1552034122),(10365,7,'后台登录','::1',1552034314),(10366,7,'后台登录','61.142.10.87',1552132934),(10367,7,'后台登录','::1',1552735870),(10368,7,'后台登录','::1',1553781175),(10369,7,'后台登录','::1',1556243988),(10370,7,'编辑审核状态 id : 8','::1',1556244282),(10371,7,'编辑审核状态 id : 8','::1',1556244284),(10372,7,'编辑审核状态 id : 1','::1',1556244308),(10373,7,'编辑审核状态 id : 1','::1',1556244316),(10374,7,'编辑审核状态 id : 1','::1',1556244370),(10375,7,'编辑审核状态 id : 1','::1',1556244386),(10376,7,'编辑审核状态 id : 1','::1',1556244388),(10377,7,'编辑审核状态 id : 8','::1',1556244425),(10378,7,'编辑审核状态 id : 8','::1',1556244439),(10379,7,'编辑审核状态 id : 8','::1',1556245072),(10380,7,'后台登录','::1',1556266405),(10381,7,'后台登录','::1',1556292111),(10382,7,'后台登录','::1',1556700303),(10383,7,'后台登录','::1',1556700727),(10384,7,'后台登录','::1',1556887668),(10385,7,'删除文章 ID :1','::1',1556887954),(10386,7,'删除文章 ID :13','::1',1556887959),(10387,7,'删除了文章分类 ID :18','::1',1556887972),(10388,7,'删除了文章分类 ID :2','::1',1556887976),(10389,7,'添加了文章分类 ID :41','::1',1556888108),(10390,7,'添加了文章分类 ID :42','::1',1556888122),(10391,7,'添加了文章分类 ID :43','::1',1556888133),(10392,7,'添加了文章分类 ID :44','::1',1556888149),(10393,7,'添加了文章分类 ID :45','::1',1556888163),(10394,7,'添加了文章分类 ID :46','::1',1556888238),(10395,7,'删除广告位置 ID :5','::1',1556888284),(10396,7,'删除广告位置 ID :4449','::1',1556888287),(10397,7,'删除广告位置 ID :4450','::1',1556888290),(10398,7,'删除广告位置 ID :4462','::1',1556888293),(10399,7,'删除广告位置 ID :4466','::1',1556888295),(10400,7,'删除广告位置 ID :4468','::1',1556888299),(10401,7,'删除广告位置 ID :4482','::1',1556888301),(10402,7,'删除广告位置 ID :4486','::1',1556888304),(10403,7,'删除广告位置 ID :4488','::1',1556888306),(10404,7,'编辑广告位置 ID: 2','::1',1556888419),(10405,7,'删除广告列表 ID :66','::1',1556888606),(10406,7,'编辑广告列表 ID :51','::1',1556889051),(10407,7,'添加广告列表 ID :67','::1',1556889063),(10408,7,'编辑广告列表 ID :55','::1',1556889089),(10409,7,'编辑广告列表 ID :56','::1',1556889101),(10410,7,'编辑广告列表 ID :57','::1',1556889119),(10411,7,'添加了文章分类 ID :47','::1',1556889295),(10412,7,'添加了文章分类 ID :48','::1',1556889314),(10413,7,'添加了文章分类 ID :49','::1',1556889329),(10414,7,'添加了文章分类 ID :50','::1',1556889341),(10415,7,'添加了文章分类 ID :51','::1',1556889353),(10416,7,'添加了文章分类 ID :52','::1',1556889373),(10417,7,'添加了文章分类 ID :53','::1',1556889510),(10418,7,'添加了文章分类 ID :54','::1',1556889523),(10419,7,'添加了文章分类 ID :55','::1',1556889537),(10420,7,'添加了文章分类 ID :56','::1',1556889575),(10421,7,'添加了文章分类 ID :57','::1',1556889586),(10422,7,'添加了文章分类 ID :58','::1',1556889597),(10423,7,'添加了文章分类 ID :59','::1',1556889619),(10424,7,'编辑了文章分类 ID :59','::1',1556889628),(10425,7,'添加了文章分类 ID :60','::1',1556889638),(10426,7,'添加了文章分类 ID :61','::1',1556889739),(10427,7,'添加了文章分类 ID :62','::1',1556889768),(10428,7,'添加了文章分类 ID :63','::1',1556889795),(10429,7,'添加了文章分类 ID :64','::1',1556889807),(10430,7,'删除文章 ID :2','::1',1556889892),(10431,7,'删除文章 ID :3','::1',1556889897),(10432,7,'删除文章 ID :8','::1',1556889901),(10433,7,'编辑审核状态 id : 15','::1',1556890145),(10434,7,'编辑审核状态 id : 16','::1',1556890146),(10435,7,'编辑审核状态 id : 17','::1',1556890148),(10436,7,'编辑审核状态 id : 18','::1',1556890148),(10437,7,'编辑审核状态 id : 19','::1',1556890149),(10438,7,'编辑审核状态 id : 20','::1',1556890150),(10439,7,'编辑审核状态 id : 21','::1',1556890152),(10440,7,'编辑审核状态 id : 22','::1',1556890153),(10441,7,'编辑审核状态 id : 23','::1',1556890155),(10442,7,'编辑审核状态 id : 24','::1',1556890156),(10443,7,'编辑审核状态 id : 25','::1',1556890157),(10444,7,'编辑审核状态 id : 26','::1',1556890158),(10445,7,'编辑审核状态 id : 27','::1',1556890160),(10446,7,'编辑审核状态 id : 28','::1',1556890162),(10447,7,'编辑审核状态 id : 29','::1',1556890164),(10448,7,'编辑审核状态 id : 30','::1',1556890165),(10449,7,'编辑审核状态 id : 31','::1',1556890167),(10450,7,'编辑审核状态 id : 32','::1',1556890168),(10451,7,'编辑审核状态 id : 33','::1',1556890169),(10452,7,'编辑审核状态 id : 34','::1',1556890170),(10453,7,'编辑审核状态 id : 35','::1',1556890176),(10454,7,'编辑审核状态 id : 36','::1',1556890181),(10455,7,'编辑审核状态 id : 37','::1',1556890184),(10456,7,'编辑审核状态 id : 38','::1',1556890187),(10457,7,'增加了文章 ID :40','::1',1556890566),(10458,7,'编辑审核状态 id : 40','::1',1556890575),(10459,7,'增加了文章 ID :41','::1',1556890707),(10460,7,'编辑审核状态 id : 41','::1',1556890748),(10461,7,'增加了文章 ID :42','::1',1556890864),(10462,7,'编辑审核状态 id : 41','::1',1556890869),(10463,7,'编辑审核状态 id : 42','::1',1556890885),(10464,7,'增加了文章 ID :43','::1',1556891124),(10465,7,'编辑审核状态 id : 43','::1',1556891139),(10466,7,'增加了文章 ID :44','::1',1556891458),(10467,7,'编辑审核状态 id : 44','::1',1556891468),(10468,7,'编辑了医生 ID :1','::1',1556891860),(10469,7,'编辑了医生 ID :3','::1',1556894323),(10470,7,'编辑了医生 ID :4','::1',1556894387),(10471,7,'编辑了医生 ID :5','::1',1556894431),(10472,7,'编辑了医生 ID :5','::1',1556894451),(10473,7,'编辑了医生 ID :6','::1',1556894509),(10474,7,'编辑了医生 ID :7','::1',1556894560),(10475,7,'编辑了医生 ID :8','::1',1556894610),(10476,7,'编辑了医生 ID :9','::1',1556894652),(10477,7,'编辑了医生 ID :10','::1',1556894701),(10478,7,'编辑了医生 ID :5','::1',1556894836),(10479,7,'编辑了医生 ID :6','::1',1556894879),(10480,7,'编辑了医生 ID :3','::1',1556894892),(10481,7,'编辑了医生 ID :1','::1',1556894915),(10482,7,'编辑了医生 ID :8','::1',1556894933),(10483,7,'编辑了医生 ID :8','::1',1556894962),(10484,7,'编辑了医生 ID :7','::1',1556894988),(10485,7,'编辑了医生 ID :8','::1',1556895014),(10486,7,'编辑了医生 ID :8','::1',1556895045),(10487,7,'编辑网站底部设置 id :1','::1',1556895163),(10488,7,'编辑了友情链接 ID :1','::1',1556895224),(10489,7,'编辑了友情链接 ID :2','::1',1556895321),(10490,7,'编辑了友情链接 ID :3','::1',1556895339),(10491,7,'增加了友情链接 ID :5','::1',1556895354),(10492,7,'增加了友情链接 ID :6','::1',1556895368),(10493,7,'增加了友情链接 ID :7','::1',1556895380),(10494,7,'删除公告 ID :45','::1',1556895477),(10495,7,'删除公告 ID :44','::1',1556895481),(10496,7,'删除公告 ID :43','::1',1556895484),(10497,7,'删除管理员列表 ID :2','::1',1556895505),(10498,7,'删除管理员列表 ID :1241','::1',1556895509),(10499,7,'删除管理员列表 ID :1243','::1',1556895519),(10500,7,'删除角色 ID :13','::1',1556895524),(10501,7,'删除角色 ID :10','::1',1556895527),(10502,7,'删除角色 ID :9','::1',1556895530),(10503,7,'删除角色 ID :11','::1',1556895533),(10504,7,'删除角色 ID :12','::1',1556895536),(10505,7,'删除管理员列表 ID :14','::1',1556895544),(10506,7,'删除角色 ID :2','::1',1556895549),(10507,7,'删除角色 ID :4','::1',1556895551),(10508,7,'删除角色 ID :6','::1',1556895553),(10509,7,'删除角色 ID :8','::1',1556895556),(10510,7,'删除角色 ID :16','::1',1556895560),(10511,7,'增加了文章 ID :45','::1',1556895757),(10512,7,'编辑审核状态 id : 45','::1',1556895793),(10513,7,'增加了文章 ID :46','::1',1556896533),(10514,7,'编辑审核状态 id : 46','::1',1556896547),(10515,7,'增加了文章 ID :47','::1',1556896630),(10516,7,'编辑审核状态 id : 47','::1',1556896852),(10517,7,'增加了文章 ID :48','::1',1556897099),(10518,7,'编辑审核状态 id : 48','::1',1556897103),(10519,7,'编辑了文章 ID :47','::1',1556897165),(10520,7,'编辑了文章 ID :48','::1',1556897190),(10521,7,'后台登录','::1',1556933945),(10522,7,'编辑了文章 ID :45','::1',1556934000),(10523,7,'编辑了文章 ID :45','::1',1556934117),(10524,7,'编辑了文章 ID :45','::1',1556934208),(10525,7,'编辑了文章 ID :45','::1',1556934528),(10526,7,'编辑了文章 ID :44','::1',1556934566),(10527,7,'编辑了文章 ID :44','::1',1556934584),(10528,7,'编辑了文章 ID :44','::1',1556934608),(10529,7,'编辑了文章 ID :44','::1',1556934684),(10530,7,'编辑了文章 ID :44','::1',1556935075),(10531,7,'编辑了文章 ID :45','::1',1556935211),(10532,7,'编辑了文章 ID :15','::1',1556935448),(10533,7,'编辑了文章 ID :15','::1',1556935546),(10534,7,'编辑了文章 ID :15','::1',1556935624),(10535,7,'编辑了文章 ID :45','::1',1556935639),(10536,7,'编辑了文章 ID :37','::1',1556935722),(10537,7,'编辑了文章 ID :37','::1',1556936267),(10538,7,'编辑了文章 ID :44','::1',1556936285),(10539,7,'添加角色 ID :19','::1',1556938181),(10540,7,'新建管理员 ID:1247 到角色 ID :19','::1',1556938204),(10541,1247,'后台登录','::1',1556938222),(10542,7,'后台登录','::1',1556938961),(10543,7,'编辑了公告 ID :8','::1',1556939217),(10544,7,'编辑了公告 ID :15','::1',1556939229),(10545,7,'编辑了公告 ID :38','::1',1556939250),(10546,7,'编辑了公告 ID :39','::1',1556939263),(10547,7,'编辑了公告 ID :40','::1',1556939279),(10548,7,'删除公告 ID :41','::1',1556939282),(10549,7,'编辑了公告 ID :42','::1',1556939295),(10550,7,'添加角色 ID :20','::1',1556939379),(10551,7,'添加角色 ID :21','::1',1556939397),(10552,7,'添加角色 ID :22','::1',1556939405),(10553,7,'添加角色 ID :23','::1',1556939415),(10554,7,'新建管理员 ID:1248 到角色 ID :21','::1',1556939446),(10555,7,'新建管理员 ID:1249 到角色 ID :20','::1',1556939458),(10556,7,'新建管理员 ID:1250 到角色 ID :23','::1',1556939468),(10557,7,'添加广告位置 ID: 4500','::1',1556939574),(10558,7,'添加广告位置 ID: 4501','::1',1556939617),(10559,7,'后台登录','::1',1557046666),(10560,7,'后台登录','::1',1557111020),(10561,7,'增加了文章 ID :49','::1',1557111189),(10562,7,'增加了文章 ID :50','::1',1557111266),(10563,7,'增加了文章 ID :51','::1',1557111363),(10564,7,'编辑审核状态 ID : 51','::1',1557111369),(10565,7,'编辑审核状态 ID : 50','::1',1557111371),(10566,7,'编辑审核状态 ID : 49','::1',1557111372),(10567,7,'增加了文章 ID :52','::1',1557111462),(10568,7,'编辑审核状态 ID : 52','::1',1557111465),(10569,7,'增加了文章 ID :53','::1',1557111563),(10570,7,'编辑审核状态 ID : 53','::1',1557111566),(10571,7,'编辑了文章 ID :53','::1',1557111609),(10572,7,'编辑了文章 ID :51','::1',1557111947),(10573,7,'编辑审核状态 ID : 51','::1',1557111955),(10574,7,'增加了文章 ID :54','::1',1557112166),(10575,7,'编辑审核状态 ID : 54','::1',1557112171),(10576,7,'增加了文章 ID :55','::1',1557112295),(10577,7,'增加了文章 ID :56','::1',1557112320),(10578,7,'增加了文章 ID :57','::1',1557112360),(10579,7,'增加了文章 ID :58','::1',1557112388),(10580,7,'增加了文章 ID :59','::1',1557112413),(10581,7,'增加了文章 ID :60','::1',1557112607),(10582,7,'编辑审核状态 ID : 60','::1',1557112610),(10583,7,'编辑审核状态 ID : 59','::1',1557112612),(10584,7,'编辑审核状态 ID : 58','::1',1557112613),(10585,7,'编辑审核状态 ID : 57','::1',1557112614),(10586,7,'编辑审核状态 ID : 56','::1',1557112615),(10587,7,'编辑审核状态 ID : 55','::1',1557112616),(10588,7,'增加了文章 ID :61','::1',1557112682),(10589,7,'增加了文章 ID :62','::1',1557112720),(10590,7,'增加了文章 ID :63','::1',1557112758),(10591,7,'增加了文章 ID :64','::1',1557112832),(10592,7,'编辑审核状态 ID : 64','::1',1557112854),(10593,7,'编辑审核状态 ID : 63','::1',1557112855),(10594,7,'编辑审核状态 ID : 62','::1',1557112856),(10595,7,'编辑审核状态 ID : 61','::1',1557112857),(10596,7,'编辑了文章 ID :17','::1',1557112909),(10597,7,'编辑了文章 ID :43','::1',1557112922),(10598,7,'编辑了文章 ID :15','::1',1557112944),(10599,7,'编辑了文章 ID :51','::1',1557112973),(10600,7,'编辑了文章 ID :53','::1',1557112983),(10601,7,'编辑了文章 ID :22','::1',1557113001),(10602,7,'编辑了文章 ID :24','::1',1557113014),(10603,7,'编辑了文章 ID :62','::1',1557113027),(10604,7,'编辑了文章 ID :64','::1',1557113036),(10605,7,'编辑了文章 ID :63','::1',1557113048),(10606,7,'增加了文章 ID :65','::1',1557113095),(10607,7,'编辑审核状态 ID : 65','::1',1557113122),(10608,7,'编辑审核状态 ID : 63','::1',1557113123),(10609,7,'编辑审核状态 ID : 64','::1',1557113124),(10610,7,'编辑审核状态 ID : 62','::1',1557113125),(10611,7,'编辑审核状态 ID : 24','::1',1557113127),(10612,7,'编辑审核状态 ID : 22','::1',1557113128),(10613,7,'编辑审核状态 ID : 53','::1',1557113129),(10614,7,'编辑审核状态 ID : 51','::1',1557113130),(10615,7,'编辑审核状态 ID : 15','::1',1557113131),(10616,7,'编辑审核状态 ID : 43','::1',1557113132),(10617,7,'编辑审核状态 ID : 17','::1',1557113134),(10618,7,'增加了文章 ID :66','::1',1557113173),(10619,7,'增加了文章 ID :67','::1',1557113201),(10620,7,'增加了文章 ID :68','::1',1557113228),(10621,7,'编辑审核状态 ID : 68','::1',1557113231),(10622,7,'编辑审核状态 ID : 67','::1',1557113232),(10623,7,'编辑审核状态 ID : 66','::1',1557113233),(10624,7,'编辑了文章 ID :35','::1',1557115764),(10625,7,'编辑了文章 ID :35','::1',1557115870),(10626,7,'编辑了文章 ID :36','::1',1557115899),(10627,7,'编辑审核状态 ID : 36','::1',1557115902),(10628,7,'编辑审核状态 ID : 35','::1',1557115904),(10629,7,'编辑了文章分类 ID :61','::1',1557115955),(10630,7,'增加了文章 ID :69','::1',1557116051),(10631,7,'增加了文章 ID :70','::1',1557116089),(10632,7,'增加了文章 ID :71','::1',1557116125),(10633,7,'增加了文章 ID :72','::1',1557116151),(10634,7,'增加了文章 ID :73','::1',1557116180),(10635,7,'增加了文章 ID :74','::1',1557116218),(10636,7,'增加了文章 ID :75','::1',1557116266),(10637,7,'增加了文章 ID :76','::1',1557116319),(10638,7,'编辑审核状态 ID : 76','::1',1557116322),(10639,7,'编辑审核状态 ID : 75','::1',1557116323),(10640,7,'编辑审核状态 ID : 74','::1',1557116325),(10641,7,'编辑审核状态 ID : 73','::1',1557116331),(10642,7,'编辑审核状态 ID : 72','::1',1557116333),(10643,7,'编辑审核状态 ID : 71','::1',1557116334),(10644,7,'编辑审核状态 ID : 70','::1',1557116336),(10645,7,'编辑审核状态 ID : 69','::1',1557116337),(10646,7,'增加了文章 ID :77','::1',1557116560),(10647,7,'编辑了文章 ID :23','::1',1557116569),(10648,7,'编辑了文章 ID :23','::1',1557116575),(10649,7,'编辑审核状态 ID : 23','::1',1557116579),(10650,7,'编辑审核状态 ID : 77','::1',1557116581),(10651,7,'后台登录','::1',1557195654),(10652,7,'增加了文章 ID :78','::1',1557196263),(10653,7,'编辑审核状态 ID : 78','::1',1557196268),(10654,7,'编辑审核状态 ID : 78','::1',1557196284),(10655,7,'删除文章 ID :78','::1',1557196298),(10656,7,'后台登录','::1',1557199360),(10657,7,'后台登录','::1',1557214396),(10658,7,'编辑了医生 ID :1','::1',1557214467),(10659,7,'编辑了医生 ID :3','::1',1557214485),(10660,7,'编辑了医生 ID :4','::1',1557214488),(10661,7,'编辑了医生 ID :8','::1',1557214513),(10662,7,'编辑了医生 ID :5','::1',1557214540),(10663,7,'编辑了医生 ID :6','::1',1557214545),(10664,7,'编辑了医生 ID :7','::1',1557214551),(10665,7,'编辑了医生 ID :8','::1',1557214557),(10666,7,'编辑了医生 ID :9','::1',1557214559),(10667,7,'编辑了医生 ID :10','::1',1557214564),(10668,7,'删除友情链接 ID :7','::1',1557214653),(10669,7,'增加了友情链接 ID :8','::1',1557214666),(10670,7,'后台登录','::1',1557215312),(10671,1247,'后台登录','::1',1557215322),(10672,7,'后台登录','::1',1557215327),(10673,7,'增加了文章 ID :79','::1',1557216928),(10674,7,'编辑审核状态 ID : 79','::1',1557216933),(10675,7,'删除文章 ID :79','::1',1557216947),(10676,7,'增加了文章 ID :80','::1',1557218010),(10677,7,'编辑审核状态 ID : 80','::1',1557218020),(10678,7,'后台登录','::1',1559182214),(10679,7,'编辑审核状态 ID : 80','::1',1559182243),(10680,7,'后台登录','::1',1559186627),(10681,7,'后台登录','::1',1559373988),(10682,7,'后台登录','::1',1559545128),(10683,7,'后台登录','::1',1587523067);
/*!40000 ALTER TABLE `hm_admin_log` ENABLE KEYS */;

#
# Structure for table "hm_article"
#

DROP TABLE IF EXISTS `hm_article`;
CREATE TABLE `hm_article` (
  `id` int(11) NOT NULL AUTO_INCREMENT COMMENT '文章表',
  `cate_id` int(11) NOT NULL DEFAULT '0' COMMENT '关联文章分类',
  `title` varchar(20) NOT NULL DEFAULT '' COMMENT '标题',
  `image` varchar(50) NOT NULL DEFAULT '' COMMENT '封面图',
  `description` text COMMENT '描述',
  `content` text COMMENT '内容',
  `addtime` int(11) NOT NULL DEFAULT '0' COMMENT '添加时间',
  `is_show` int(11) NOT NULL DEFAULT '1' COMMENT '是否显示 1显示 2隐藏',
  `type` int(11) NOT NULL DEFAULT '1' COMMENT '重要性，1普通，2置顶',
  `sort` int(11) NOT NULL DEFAULT '50',
  PRIMARY KEY (`id`),
  KEY `cate_id` (`cate_id`)
) ENGINE=MyISAM AUTO_INCREMENT=81 DEFAULT CHARSET=utf8;

#
# Data for table "hm_article"
#

/*!40000 ALTER TABLE `hm_article` DISABLE KEYS */;
INSERT INTO `hm_article` VALUES (15,22,'2019年汕头大学医学院培训师资料','/uploadimages/0308110145.jpg','2019年汕头大学医学院第一附属医院住培训学员招生资料','<p style=\"margin-top: 0px; margin-bottom: 0px; padding: 0px; outline: none; color: rgb(102, 102, 102); font-family: 微软雅黑; font-size: 14px; white-space: normal; background-color: rgb(249, 249, 249); text-align: justify;\"><span style=\"line-height: 2em;\"><span style=\"color: rgb(0, 0, 0); font-size: 16px;\"><strong>一、医院概况：<br/>&nbsp;&nbsp; &nbsp; &nbsp; &nbsp;</strong>汕头大学医学院第一附属医院于1989年由李嘉诚基金会捐资兴建，是一所省属公立大型综合性三级甲等医院，多次荣获“全国百佳医院”、“全国百姓放心示范医院”、“全国改革创新医院”等称号，在2017年“中国地级城市医院·竞争力100强”排行榜中位列第8位。<br/>&nbsp; &nbsp; &nbsp; &nbsp; 医院开放病床1816张；设59个临床科室、12个教研室和6个实验室；医院现有职工2674人，其中高级职称549人，硕/博士684人，博士生导师8人、硕士生导师99人。配套设备总价值超过3亿元，具有国内外先进水平的高端医疗设备。<br/>&nbsp; &nbsp; &nbsp; &nbsp; 学科建设方面承担了“学士-硕士-博士-博士后”完整体系的医学人才培养任务。临床医学一级学科是广东省优势重点学科，拥有20个省级二级和三级重点学科、临床重点专科和重点实验室，全院省级临床学科重点单元覆盖率为100%。近年来，医院共承担国家级科研项目74项、省部级课题234项，获省市级科技成果奖励130项，发表SCI收录论文400余篇。<br/>&nbsp; &nbsp; &nbsp; &nbsp; 图书馆藏书超过5万册。拥有自购网络信息检索系统。同时，汕头大学医学院第一附属医院、汕头大学医学院、汕头大学三个图书馆网络同属一个局域网，可以互相访问，充分利用大学的网络资源。面向全体职工、住培学员及学生开放。<br/>&nbsp; &nbsp; &nbsp; &nbsp; 2013年，医院成功组建粤东地区首个医联体，由汕头大学医学院第一附属医院、汕头潮南民生医院、汕头大学医学院第一附属医院龙湖医院、汕头大学医学院第一附属医院濠江医院、汕头大学医学院第一附属医院河浦医院和筹建中的汕头国瑞医院6家医疗机构组成，以及汕头市龙湖区、濠江区8所社区卫生服务中心，形成以院本部为核心、涵盖一级到三级医疗机构的大型医联体。<br/>&nbsp; &nbsp; &nbsp; &nbsp; 医院目前专业设置齐全，人才荟萃，设施先进，学科优势突出，综合实力雄厚，是粤东地区首屈一指并跻身于省内先进行列的三级甲等医院，在业界享有较高美誉。<br/>&nbsp;<br/><strong>二、住培工作概况：</strong><br/>&nbsp; &nbsp; &nbsp; &nbsp; 2014年成为首批国家级住院医师规范化培训基地。拥有6所协同培训单位，其中3所为综合医院即：汕头大学医学院第二附属医院、汕头潮南民生医院、汕尾市第二人民医院（逸挥基金医院）。另3所为专科医院，即：汕头大学医学院附属肿瘤医院、汕头大学·香港中文大学联合汕头国际眼科中心、汕头大学精神卫生中心。具有26个住院医师规范化培训专业基地，包括内科、儿科、急诊科、皮肤科、精神科、神经内科、全科、康复医学科、外科、外科（神经外科）、外科（胸心外科）、外科（泌尿外科）、外科（整形外科）、骨科、儿外科、妇产科、眼科、耳鼻咽喉科、麻醉科、临床病理科、检验医学科、放射科、超声医学科、核医学科、口腔全科、放射肿瘤科。<br/>&nbsp; &nbsp; &nbsp; &nbsp; 2016年起承担住培学员结业考核工作。<br/>&nbsp; &nbsp; &nbsp; &nbsp; 2018年8月，我院普外科专业基地成为首批国家专科规范化培训基地。<br/>&nbsp; &nbsp; &nbsp; &nbsp; 具有规范的临床医疗模拟技能中心，由三部分组成：第一部分为汕头大学医学院第一附属医院住院医师规范化培训和考试基地（汕头大学医学院临床技能中心），第二部分是汕头大学医学院第一附属医院全科医学临床技能培训中心，第三部分是医院科教楼八楼临床技能中心。<br/>&nbsp; &nbsp; &nbsp; &nbsp; 师资雄厚。具有住院医师规范化培训带教资格的超过500名，全基地合格师资超过800名，全部经过院院级、省或国家级住院医师规范化培训师资培训，做到全覆盖持证上岗。</span><br/><span style=\"color: rgb(0, 0, 0); font-size: 16px;\">&nbsp; &nbsp; &nbsp; &nbsp;&nbsp;</span><span style=\"color: rgb(0, 0, 0); font-size: 16px;\">从2014年开始，在国家、省相关住培政策的指导下，我院各种住培制度已基本完善，规范化规培理念深入人心，具有形式多样的各层次培训，即：学员入岗前的各职能部门培训，影像、检验、超声，人文及医患沟通培训，注重平时对学员进行实时交流与疏导，加强团队精神培育与综合能力的提升。实施信息化管理，协同单位之间的管理制度、学员招录、培训标准，结业考核等都实施同质化管理。</span><br/><span style=\"color: rgb(0, 0, 0); font-size: 16px;\">&nbsp; &nbsp; &nbsp; &nbsp;&nbsp;</span><span style=\"color: rgb(0, 0, 0); font-size: 16px;\">基地对日常培训实施严格管理，实施高标准的日常考核、出科考核、年度考核及结业考核等全程一体化的考核。2016-2018连续三年首次结业考核通过率均&gt;95%，连续三年年度“首次通过率”达到全国优秀水平。</span><br/><span style=\"color: rgb(0, 0, 0); font-size: 16px;\">&nbsp; &nbsp; &nbsp; &nbsp;&nbsp;</span><span style=\"color: rgb(0, 0, 0); font-size: 16px;\">基地注重人文素养的交流与培养，我院定期开展住培临床技能竞赛与相关活动，我院住培医师在省相关比赛中多次获得荣誉。</span><br/><span style=\"color: rgb(0, 0, 0); font-size: 16px;\">&nbsp; &nbsp; &nbsp; &nbsp;&nbsp;</span><span style=\"color: rgb(0, 0, 0); font-size: 16px;\">我院已顺利通过国家住培专家组飞行评估检查，全科专业基地则顺利通过国家现场评估，麻醉专业也顺利通过省住培专家组的现场评估。</span><br/><span style=\"color: rgb(0, 0, 0); font-size: 16px;\">&nbsp; &nbsp; &nbsp; &nbsp;&nbsp;</span><span style=\"color: rgb(0, 0, 0); font-size: 16px;\">我院吴北燕获得全国住培“优秀带教老师”荣誉称号。我院住培师资公开积极发表了多篇住培文章。<br/>&nbsp;<br/><strong>三、招生概况及计划</strong></span><br/><span style=\"color: rgb(0, 0, 0); font-size: 16px;\">&nbsp; &nbsp; &nbsp; &nbsp;&nbsp;</span><span style=\"color: rgb(0, 0, 0); font-size: 16px;\">根据国家及广东省卫生计划生育委员会住院医师规范化培训有关规定及基地的培训容量，我院每年招收单位学员与社会学员约150-180名，并每年接受在读专业硕士约150人。2019年我院（主基地）及协同单位计划招收培训住院医师共160名，协同单位招生信息附后及见其官网。我院招生事项如下：<br/>&nbsp;<br/><strong>（一）、招生计划</strong></span><br/><span style=\"color: rgb(0, 0, 0); font-size: 16px;\">根据《住院医师规范化培训管理办法（试行）》精神，现面向社会招收2019年住院医师规范化培训学员。招收专业及名额具体如下：</span></span></p><table align=\"center\" width=\"465\"><tbody><tr class=\"firstRow\"><td style=\"margin: 0px; padding: 0px; outline: none; text-align: justify;\" width=\"99\"><p style=\"outline: none;\"><span style=\"line-height: 2em;\"><span style=\"font-size: 16px;\"><strong>专业代码</strong></span></span></p></td><td style=\"margin: 0px; padding: 0px; outline: none; text-align: justify;\" width=\"219\"><p style=\"outline: none;\"><span style=\"line-height: 2em;\"><span style=\"font-size: 16px;\"><strong>培训专业名称</strong></span></span></p></td><td style=\"margin: 0px; padding: 0px; outline: none; text-align: justify;\" width=\"147\"><p style=\"outline: none;\"><span style=\"line-height: 2em;\"><span style=\"font-size: 16px;\"><strong>招生人数</strong></span></span></p></td></tr><tr><td style=\"margin: 0px; padding: 0px; outline: none; text-align: justify;\" width=\"99\"><p style=\"outline: none;\"><span style=\"line-height: 2em;\"><span style=\"font-size: 16px;\">0100</span></span></p></td><td style=\"margin: 0px; padding: 0px; outline: none; text-align: justify;\" width=\"219\"><p style=\"outline: none;\"><span style=\"line-height: 2em;\"><span style=\"font-size: 16px;\">内科</span></span></p></td><td style=\"margin: 0px; padding: 0px; outline: none; text-align: justify;\" width=\"147\"><p style=\"outline: none;\"><span style=\"line-height: 2em;\"><span style=\"font-size: 16px;\">40</span></span></p></td></tr><tr><td style=\"margin: 0px; padding: 0px; outline: none; text-align: justify;\" width=\"99\"><p style=\"outline: none;\"><span style=\"line-height: 2em;\"><span style=\"font-size: 16px;\">0200</span></span></p></td><td style=\"margin: 0px; padding: 0px; outline: none; text-align: justify;\" width=\"219\"><p style=\"outline: none;\"><span style=\"line-height: 2em;\"><span style=\"font-size: 16px;\">儿科</span></span></p></td><td style=\"margin: 0px; padding: 0px; outline: none; text-align: justify;\" width=\"147\"><p style=\"outline: none;\"><span style=\"line-height: 2em;\"><span style=\"font-size: 16px;\">8</span></span></p></td></tr><tr><td style=\"margin: 0px; padding: 0px; outline: none; text-align: justify;\" width=\"99\"><p style=\"outline: none;\"><span style=\"line-height: 2em;\"><span style=\"font-size: 16px;\">0300</span></span></p></td><td style=\"margin: 0px; padding: 0px; outline: none; text-align: justify;\" width=\"219\"><p style=\"outline: none;\"><span style=\"line-height: 2em;\"><span style=\"font-size: 16px;\">急诊科</span></span></p></td><td style=\"margin: 0px; padding: 0px; outline: none; text-align: justify;\" width=\"147\"><p style=\"outline: none;\"><span style=\"line-height: 2em;\"><span style=\"font-size: 16px;\">5</span></span></p></td></tr><tr><td style=\"margin: 0px; padding: 0px; outline: none; text-align: justify;\" width=\"99\"><p style=\"outline: none;\"><span style=\"line-height: 2em;\"><span style=\"font-size: 16px;\">0400</span></span></p></td><td style=\"margin: 0px; padding: 0px; outline: none; text-align: justify;\" width=\"219\"><p style=\"outline: none;\"><span style=\"line-height: 2em;\"><span style=\"font-size: 16px;\">皮肤科</span></span></p></td><td style=\"margin: 0px; padding: 0px; outline: none; text-align: justify;\" width=\"147\"><p style=\"outline: none;\"><span style=\"line-height: 2em;\"><span style=\"font-size: 16px;\">2</span></span></p></td></tr><tr><td style=\"margin: 0px; padding: 0px; outline: none; text-align: justify;\" width=\"99\"><p style=\"outline: none;\"><span style=\"line-height: 2em;\"><span style=\"font-size: 16px;\">0500</span></span></p></td><td style=\"margin: 0px; padding: 0px; outline: none; text-align: justify;\" width=\"219\"><p style=\"outline: none;\"><span style=\"line-height: 2em;\"><span style=\"font-size: 16px;\">精神科</span></span></p></td><td style=\"margin: 0px; padding: 0px; outline: none; text-align: justify;\" width=\"147\"><p style=\"outline: none;\"><span style=\"line-height: 2em;\"><span style=\"font-size: 16px;\">15</span></span></p></td></tr><tr><td style=\"margin: 0px; padding: 0px; outline: none; text-align: justify;\" width=\"99\"><p style=\"outline: none;\"><span style=\"line-height: 2em;\"><span style=\"font-size: 16px;\">0600</span></span></p></td><td style=\"margin: 0px; padding: 0px; outline: none; text-align: justify;\" width=\"219\"><p style=\"outline: none;\"><span style=\"line-height: 2em;\"><span style=\"font-size: 16px;\">神经内科</span></span></p></td><td style=\"margin: 0px; padding: 0px; outline: none; text-align: justify;\" width=\"147\"><p style=\"outline: none;\"><span style=\"line-height: 2em;\"><span style=\"font-size: 16px;\">4</span></span></p></td></tr><tr><td style=\"margin: 0px; padding: 0px; outline: none; text-align: justify;\" width=\"99\"><p style=\"outline: none;\"><span style=\"line-height: 2em;\"><span style=\"font-size: 16px;\">0700</span></span></p></td><td style=\"margin: 0px; padding: 0px; outline: none; text-align: justify;\" width=\"219\"><p style=\"outline: none;\"><span style=\"line-height: 2em;\"><span style=\"font-size: 16px;\">全科</span></span></p></td><td style=\"margin: 0px; padding: 0px; outline: none; text-align: justify;\" width=\"147\"><p style=\"outline: none;\"><span style=\"line-height: 2em;\"><span style=\"font-size: 16px;\">8</span></span></p></td></tr><tr><td style=\"margin: 0px; padding: 0px; outline: none; text-align: justify;\" width=\"99\"><p style=\"outline: none;\"><span style=\"line-height: 2em;\"><span style=\"font-size: 16px;\">0800</span></span></p></td><td style=\"margin: 0px; padding: 0px; outline: none; text-align: justify;\" width=\"219\"><p style=\"outline: none;\"><span style=\"line-height: 2em;\"><span style=\"font-size: 16px;\">康复医学科</span></span></p></td><td style=\"margin: 0px; padding: 0px; outline: none; text-align: justify;\" width=\"147\"><p style=\"outline: none;\"><span style=\"line-height: 2em;\"><span style=\"font-size: 16px;\">1</span></span></p></td></tr><tr><td style=\"margin: 0px; padding: 0px; outline: none; text-align: justify;\" width=\"99\"><p style=\"outline: none;\"><span style=\"line-height: 2em;\"><span style=\"font-size: 16px;\">0900</span></span></p></td><td style=\"margin: 0px; padding: 0px; outline: none; text-align: justify;\" width=\"219\"><p style=\"outline: none;\"><span style=\"line-height: 2em;\"><span style=\"font-size: 16px;\">外科</span></span></p></td><td style=\"margin: 0px; padding: 0px; outline: none; text-align: justify;\" width=\"147\"><p style=\"outline: none;\"><span style=\"line-height: 2em;\"><span style=\"font-size: 16px;\">10</span></span></p></td></tr><tr><td style=\"margin: 0px; padding: 0px; outline: none; text-align: justify;\" width=\"99\"><p style=\"outline: none;\"><span style=\"line-height: 2em;\"><span style=\"font-size: 16px;\">1000</span></span></p></td><td style=\"margin: 0px; padding: 0px; outline: none; text-align: justify;\" width=\"219\"><p style=\"outline: none;\"><span style=\"line-height: 2em;\"><span style=\"font-size: 16px;\">外科（神经外科方向）</span></span></p></td><td style=\"margin: 0px; padding: 0px; outline: none; text-align: justify;\" width=\"147\"><p style=\"outline: none;\"><span style=\"line-height: 2em;\"><span style=\"font-size: 16px;\">4</span></span></p></td></tr><tr><td style=\"margin: 0px; padding: 0px; outline: none; text-align: justify;\" width=\"99\"><p style=\"outline: none;\"><span style=\"line-height: 2em;\"><span style=\"font-size: 16px;\">1100</span></span></p></td><td style=\"margin: 0px; padding: 0px; outline: none; text-align: justify;\" width=\"219\"><p style=\"outline: none;\"><span style=\"line-height: 2em;\"><span style=\"font-size: 16px;\">外科（胸心外科方向）</span></span></p></td><td style=\"margin: 0px; padding: 0px; outline: none; text-align: justify;\" width=\"147\"><p style=\"outline: none;\"><span style=\"line-height: 2em;\"><span style=\"font-size: 16px;\">4</span></span></p></td></tr><tr><td style=\"margin: 0px; padding: 0px; outline: none; text-align: justify;\" width=\"99\"><p style=\"outline: none;\"><span style=\"line-height: 2em;\"><span style=\"font-size: 16px;\">1200</span></span></p></td><td style=\"margin: 0px; padding: 0px; outline: none; text-align: justify;\" width=\"219\"><p style=\"outline: none;\"><span style=\"line-height: 2em;\"><span style=\"font-size: 16px;\">外科（泌尿外科方向）</span></span></p></td><td style=\"margin: 0px; padding: 0px; outline: none; text-align: justify;\" width=\"147\"><p style=\"outline: none;\"><span style=\"line-height: 2em;\"><span style=\"font-size: 16px;\">3</span></span></p></td></tr><tr><td style=\"margin: 0px; padding: 0px; outline: none; text-align: justify;\" width=\"99\"><p style=\"outline: none;\"><span style=\"line-height: 2em;\"><span style=\"font-size: 16px;\">1300</span></span></p></td><td style=\"margin: 0px; padding: 0px; outline: none; text-align: justify;\" width=\"219\"><p style=\"outline: none;\"><span style=\"line-height: 2em;\"><span style=\"font-size: 16px;\">外科（整形外科方向）</span></span></p></td><td style=\"margin: 0px; padding: 0px; outline: none; text-align: justify;\" width=\"147\"><p style=\"outline: none;\"><span style=\"line-height: 2em;\"><span style=\"font-size: 16px;\">3</span></span></p></td></tr><tr><td style=\"margin: 0px; padding: 0px; outline: none; text-align: justify;\" width=\"99\"><p style=\"outline: none;\"><span style=\"line-height: 2em;\"><span style=\"font-size: 16px;\">1400</span></span></p></td><td style=\"margin: 0px; padding: 0px; outline: none; text-align: justify;\" width=\"219\"><p style=\"outline: none;\"><span style=\"line-height: 2em;\"><span style=\"font-size: 16px;\">骨科</span></span></p></td><td style=\"margin: 0px; padding: 0px; outline: none; text-align: justify;\" width=\"147\"><p style=\"outline: none;\"><span style=\"line-height: 2em;\"><span style=\"font-size: 16px;\">1</span></span></p></td></tr><tr><td style=\"margin: 0px; padding: 0px; outline: none; text-align: justify;\" width=\"99\"><p style=\"outline: none;\"><span style=\"line-height: 2em;\"><span style=\"font-size: 16px;\">1500</span></span></p></td><td style=\"margin: 0px; padding: 0px; outline: none; text-align: justify;\" width=\"219\"><p style=\"outline: none;\"><span style=\"line-height: 2em;\"><span style=\"font-size: 16px;\">儿外科</span></span></p></td><td style=\"margin: 0px; padding: 0px; outline: none; text-align: justify;\" width=\"147\"><p style=\"outline: none;\"><span style=\"line-height: 2em;\"><span style=\"font-size: 16px;\">3</span></span></p></td></tr><tr><td style=\"margin: 0px; padding: 0px; outline: none; text-align: justify;\" width=\"99\"><p style=\"outline: none;\"><span style=\"line-height: 2em;\"><span style=\"font-size: 16px;\">1600</span></span></p></td><td style=\"margin: 0px; padding: 0px; outline: none; text-align: justify;\" width=\"219\"><p style=\"outline: none;\"><span style=\"line-height: 2em;\"><span style=\"font-size: 16px;\">妇产科</span></span></p></td><td style=\"margin: 0px; padding: 0px; outline: none; text-align: justify;\" width=\"147\"><p style=\"outline: none;\"><span style=\"line-height: 2em;\"><span style=\"font-size: 16px;\">3</span></span></p></td></tr><tr><td style=\"margin: 0px; padding: 0px; outline: none; text-align: justify;\" width=\"99\"><p style=\"outline: none;\"><span style=\"line-height: 2em;\"><span style=\"font-size: 16px;\">1700</span></span></p></td><td style=\"margin: 0px; padding: 0px; outline: none; text-align: justify;\" width=\"219\"><p style=\"outline: none;\"><span style=\"line-height: 2em;\"><span style=\"font-size: 16px;\">眼科</span></span></p></td><td style=\"margin: 0px; padding: 0px; outline: none; text-align: justify;\" width=\"147\"><p style=\"outline: none;\"><span style=\"line-height: 2em;\"><span style=\"font-size: 16px;\">10</span></span></p></td></tr><tr><td style=\"margin: 0px; padding: 0px; outline: none; text-align: justify;\" width=\"99\"><p style=\"outline: none;\"><span style=\"line-height: 2em;\"><span style=\"font-size: 16px;\">1800</span></span></p></td><td style=\"margin: 0px; padding: 0px; outline: none; text-align: justify;\" width=\"219\"><p style=\"outline: none;\"><span style=\"line-height: 2em;\"><span style=\"font-size: 16px;\">耳鼻咽喉科</span></span></p></td><td style=\"margin: 0px; padding: 0px; outline: none; text-align: justify;\" width=\"147\"><p style=\"outline: none;\"><span style=\"line-height: 2em;\"><span style=\"font-size: 16px;\">1</span></span></p></td></tr><tr><td style=\"margin: 0px; padding: 0px; outline: none; text-align: justify;\" width=\"99\"><p style=\"outline: none;\"><span style=\"line-height: 2em;\"><span style=\"font-size: 16px;\">1900</span></span></p></td><td style=\"margin: 0px; padding: 0px; outline: none; text-align: justify;\" width=\"219\"><p style=\"outline: none;\"><span style=\"line-height: 2em;\"><span style=\"font-size: 16px;\">麻醉科</span></span></p></td><td style=\"margin: 0px; padding: 0px; outline: none; text-align: justify;\" width=\"147\"><p style=\"outline: none;\"><span style=\"line-height: 2em;\"><span style=\"font-size: 16px;\">1</span></span></p></td></tr><tr><td style=\"margin: 0px; padding: 0px; outline: none; text-align: justify;\" width=\"99\"><p style=\"outline: none;\"><span style=\"line-height: 2em;\"><span style=\"font-size: 16px;\">2000</span></span></p></td><td style=\"margin: 0px; padding: 0px; outline: none; text-align: justify;\" width=\"219\"><p style=\"outline: none;\"><span style=\"line-height: 2em;\"><span style=\"font-size: 16px;\">临床病理科</span></span></p></td><td style=\"margin: 0px; padding: 0px; outline: none; text-align: justify;\" width=\"147\"><p style=\"outline: none;\"><span style=\"line-height: 2em;\"><span style=\"font-size: 16px;\">1</span></span></p></td></tr><tr><td style=\"margin: 0px; padding: 0px; outline: none; text-align: justify;\" width=\"99\"><p style=\"outline: none;\"><span style=\"line-height: 2em;\"><span style=\"font-size: 16px;\">2100</span></span></p></td><td style=\"margin: 0px; padding: 0px; outline: none; text-align: justify;\" width=\"219\"><p style=\"outline: none;\"><span style=\"line-height: 2em;\"><span style=\"font-size: 16px;\">检验医学科</span></span></p></td><td style=\"margin: 0px; padding: 0px; outline: none; text-align: justify;\" width=\"147\"><p style=\"outline: none;\"><span style=\"line-height: 2em;\"><span style=\"font-size: 16px;\">1</span></span></p></td></tr><tr><td style=\"margin: 0px; padding: 0px; outline: none; text-align: justify;\" width=\"99\"><p style=\"outline: none;\"><span style=\"line-height: 2em;\"><span style=\"font-size: 16px;\">2200</span></span></p></td><td style=\"margin: 0px; padding: 0px; outline: none; text-align: justify;\" width=\"219\"><p style=\"outline: none;\"><span style=\"line-height: 2em;\"><span style=\"font-size: 16px;\">放射科</span></span></p></td><td style=\"margin: 0px; padding: 0px; outline: none; text-align: justify;\" width=\"147\"><p style=\"outline: none;\"><span style=\"line-height: 2em;\"><span style=\"font-size: 16px;\">1</span></span></p></td></tr><tr><td style=\"margin: 0px; padding: 0px; outline: none; text-align: justify;\" width=\"99\"><p style=\"outline: none;\"><span style=\"line-height: 2em;\"><span style=\"font-size: 16px;\">2300</span></span></p></td><td style=\"margin: 0px; padding: 0px; outline: none; text-align: justify;\" width=\"219\"><p style=\"outline: none;\"><span style=\"line-height: 2em;\"><span style=\"font-size: 16px;\">超声医学科</span></span></p></td><td style=\"margin: 0px; padding: 0px; outline: none; text-align: justify;\" width=\"147\"><p style=\"outline: none;\"><span style=\"line-height: 2em;\"><span style=\"font-size: 16px;\">1</span></span></p></td></tr><tr><td style=\"margin: 0px; padding: 0px; outline: none; text-align: justify;\" width=\"99\"><p style=\"outline: none;\"><span style=\"line-height: 2em;\"><span style=\"font-size: 16px;\">2400</span></span></p></td><td style=\"margin: 0px; padding: 0px; outline: none; text-align: justify;\" width=\"219\"><p style=\"outline: none;\"><span style=\"line-height: 2em;\"><span style=\"font-size: 16px;\">核医学科</span></span></p></td><td style=\"margin: 0px; padding: 0px; outline: none; text-align: justify;\" width=\"147\"><p style=\"outline: none;\"><span style=\"line-height: 2em;\"><span style=\"font-size: 16px;\">1</span></span></p></td></tr><tr><td style=\"margin: 0px; padding: 0px; outline: none; text-align: justify;\" width=\"99\"><p style=\"outline: none;\"><span style=\"line-height: 2em;\"><span style=\"font-size: 16px;\">2800</span></span></p></td><td style=\"margin: 0px; padding: 0px; outline: none; text-align: justify;\" width=\"219\"><p style=\"outline: none;\"><span style=\"line-height: 2em;\"><span style=\"font-size: 16px;\">口腔全科</span></span></p></td><td style=\"margin: 0px; padding: 0px; outline: none; text-align: justify;\" width=\"147\"><p style=\"outline: none;\"><span style=\"line-height: 2em;\"><span style=\"font-size: 16px;\">2</span></span></p></td></tr><tr><td style=\"margin: 0px; padding: 0px; outline: none; text-align: justify;\" width=\"99\"><p style=\"outline: none;\"><span style=\"line-height: 2em;\"><span style=\"font-size: 16px;\">2500</span></span></p></td><td style=\"margin: 0px; padding: 0px; outline: none; text-align: justify;\" width=\"219\"><p style=\"outline: none;\"><span style=\"line-height: 2em;\"><span style=\"font-size: 16px;\">放射肿瘤医学</span></span></p></td><td style=\"margin: 0px; padding: 0px; outline: none; text-align: justify;\" width=\"147\"><p style=\"outline: none;\"><span style=\"line-height: 2em;\"><span style=\"font-size: 16px;\">2</span></span></p></td></tr></tbody></table><p style=\"margin-top: 0px; margin-bottom: 0px; padding: 0px; outline: none; color: rgb(102, 102, 102); font-family: 微软雅黑; font-size: 14px; white-space: normal; background-color: rgb(249, 249, 249); clear: both; text-align: justify;\">&nbsp;</p><p style=\"margin-top: 0px; margin-bottom: 0px; padding: 0px; outline: none; color: rgb(102, 102, 102); font-family: 微软雅黑; font-size: 14px; white-space: normal; background-color: rgb(249, 249, 249); text-align: justify;\"><span style=\"line-height: 2em;\"><span style=\"color: rgb(0, 0, 0); font-size: 16px;\">注：以上招生人数含单位委培及面向社会招收人员，协同单位除专科医院外其他招生指标未入本表格，请进一步单独浏览协同单位（综合医院）的招生简章。<br/>&nbsp;<br/><strong>（二）、报名条件</strong></span><br/><span style=\"color: rgb(0, 0, 0); font-size: 16px;\">1、政治思想好，身体健康，自愿参加规范化培训，服从医院工作安排；</span><br/><span style=\"color: rgb(0, 0, 0); font-size: 16px;\">2、具有临床医学、口腔医学各专业本科及以上学历毕业生；</span><br/><span style=\"color: rgb(0, 0, 0); font-size: 16px;\">&nbsp;</span><span style=\"color: rgb(0, 0, 0); font-size: 16px;\">3、已从事临床医疗工作并获得执业医师资格，需要接受培训的人员及其他需要接受培训的人员。<br/>&nbsp;<br/><strong>（三）、报名时间</strong></span><br/><span style=\"color: rgb(0, 0, 0); font-size: 16px;\">本简章公布之日至4月30日止。<br/>&nbsp;<br/><strong>（四）、报名办法</strong></span><br/><span style=\"color: rgb(0, 0, 0); font-size: 16px;\">&nbsp;</span><span style=\"color: rgb(0, 0, 0); font-size: 16px;\">1、报名资料<br/>（1）《2019年汕头大学医学院第一附属医院住院医师规范化培训学员报名表》(附件1);<br/>（2）个人简历；<br/>（3）本科毕业生：身份证、毕业证、学位证（应届生提供在校证明及学生证）、四/六级英语考试合格证书、<span style=\"background-attachment: initial; background-clip: initial; background-image: initial; background-origin: initial; background-position: initial; background-repeat: initial; background-size: initial;\">个人成绩单</span>；<br/>（4）硕、博士毕业生：除以上资料外另交本科毕业后临床工作时间和临床轮训<br/>考核证明；<br/>（5）执业医师资格证、执业证（已获得该两证者需提供）。<br/><span style=\"background-attachment: initial; background-clip: initial; background-image: initial; background-origin: initial; background-position: initial; background-repeat: initial; background-size: initial;\">（</span><span style=\"background-attachment: initial; background-clip: initial; background-image: initial; background-origin: initial; background-position: initial; background-repeat: initial; background-size: initial;\">6）既往参加住院医师规范化培训轮科及考核证明材料（并轨参加规培的专业学位研究生或往届生有培训基地工作经历人员，须加盖培训基地公章）。</span></span><br/><span style=\"color: rgb(0, 0, 0); font-size: 16px;\">2、报名办法<br/>（1）网络报名：<span style=\"background-attachment: initial; background-clip: initial; background-image: initial; background-origin: initial; background-position: initial; background-repeat: initial; background-size: initial;\">登录广东省住院医师规范化培训管理平台（</span><span style=\"background-attachment: initial; background-clip: initial; background-image: initial; background-origin: initial; background-position: initial; background-repeat: initial; background-size: initial;\">http://zl2.gdzpgl.net:8088/guip/</span><span style=\"background-attachment: initial; background-clip: initial; background-image: initial; background-origin: initial; background-position: initial; background-repeat: initial; background-size: initial;\">），首次登陆先自行注册，选择“培训学员入口”完成网络报名。</span><br/>（2）&nbsp;<span style=\"background-attachment: initial; background-clip: initial; background-image: initial; background-origin: initial; background-position: initial; background-repeat: initial; background-size: initial;\">提交材料：学员完成网络报名后将以上</span><span style=\"background-attachment: initial; background-clip: initial; background-image: initial; background-origin: initial; background-position: initial; background-repeat: initial; background-size: initial;\">报名</span><span style=\"background-attachment: initial; background-clip: initial; background-image: initial; background-origin: initial; background-position: initial; background-repeat: initial; background-size: initial;\">材料扫描件或电子版按顺序压缩</span><span style=\"background-attachment: initial; background-clip: initial; background-image: initial; background-origin: initial; background-position: initial; background-repeat: initial; background-size: initial;\">成一个</span><span style=\"background-attachment: initial; background-clip: initial; background-image: initial; background-origin: initial; background-position: initial; background-repeat: initial; background-size: initial;\">文件（文件命名：</span>&nbsp;<span style=\"background-attachment: initial; background-clip: initial; background-image: initial; background-origin: initial; background-position: initial; background-repeat: initial; background-size: initial;\">201</span><span style=\"background-attachment: initial; background-clip: initial; background-image: initial; background-origin: initial; background-position: initial; background-repeat: initial; background-size: initial;\">9住培报名</span><span style=\"background-attachment: initial; background-clip: initial; background-image: initial; background-origin: initial; background-position: initial; background-repeat: initial; background-size: initial;\">+</span><span style=\"background-attachment: initial; background-clip: initial; background-image: initial; background-origin: initial; background-position: initial; background-repeat: initial; background-size: initial;\">姓名</span><span style=\"background-attachment: initial; background-clip: initial; background-image: initial; background-origin: initial; background-position: initial; background-repeat: initial; background-size: initial;\">+</span><span style=\"background-attachment: initial; background-clip: initial; background-image: initial; background-origin: initial; background-position: initial; background-repeat: initial; background-size: initial;\">专业）于报名截止日期前发送至</span>sdfygpzs@163.com邮箱。<br/><strong>（五）、招录程序</strong></span><br/><span style=\"color: rgb(0, 0, 0); font-size: 16px;\">1、初步审核通过学员，我院于5月份另行通知考试时间（邮件、官网），<span style=\"background-attachment: initial; background-clip: initial; background-image: initial; background-origin: initial; background-position: initial; background-repeat: initial; background-size: initial;\">请保持关注官网及邮件回复情况。</span></span><br/><span style=\"color: rgb(0, 0, 0); font-size: 16px;\">&nbsp;</span><span style=\"color: rgb(0, 0, 0); font-size: 16px;\">2、考核事项：<br/>（1）考试时间：5月，具体按通知。<br/>（2）考试内容：<br/>笔试：专业知识（医学基础及临床医学知识），权重60%。<br/>面试：临床思维、应变、表达能力等，权重40%。</span><br/><span style=\"color: rgb(0, 0, 0); font-size: 16px;\">3、&nbsp;招录公示：</span><br/><span style=\"color: rgb(0, 0, 0); font-size: 16px;\">录取名单于结束考核5个工作日在汕头大学医学院第一附属医院住院医师规范化培训过程管理系统网站（http://218.16.214.141:9005/）通知公告栏公示。<br/><strong>（六）、招收条件</strong></span><br/><span style=\"color: rgb(0, 0, 0); font-size: 16px;\">根据考试结果及临床培训经历等综合得分，按照“公开公平、择优录取、双</span><br/><span style=\"color: rgb(0, 0, 0); font-size: 16px;\">&nbsp;</span><span style=\"color: rgb(0, 0, 0); font-size: 16px;\">向选择”原则确定培训对象，额满为止。未招满额的培训学科，根据报名人员自愿服从调剂培训方向进行重新分配。<br/><strong>（七）、学员待遇</strong></span><br/><span style=\"color: rgb(0, 0, 0); font-size: 16px;\">&nbsp;</span><span style=\"color: rgb(0, 0, 0); font-size: 16px;\">1、<span style=\"background-attachment: initial; background-clip: initial; background-image: initial; background-origin: initial; background-position: initial; background-repeat: initial; background-size: initial;\">不需缴纳培训费；</span></span><br/><span style=\"color: rgb(0, 0, 0); font-size: 16px;\"><span style=\"background-attachment: initial; background-clip: initial; background-image: initial; background-origin: initial; background-position: initial; background-repeat: initial; background-size: initial;\">2、签订《培训协议》；&nbsp;</span></span><br/><span style=\"color: rgb(0, 0, 0); font-size: 16px;\"><span style=\"background-attachment: initial; background-clip: initial; background-image: initial; background-origin: initial; background-position: initial; background-repeat: initial; background-size: initial;\">3、根据《住院医师规范化培训管理办法（试行）》及广东省卫计委相关规定，每月按时发放工资，购买社会保险、医疗保险等、享有法定节假日及相关福利；</span></span><br/><span style=\"color: rgb(0, 0, 0); font-size: 16px;\"><span style=\"background-attachment: initial; background-clip: initial; background-image: initial; background-origin: initial; background-position: initial; background-repeat: initial; background-size: initial;\">4、办理执业医师考试及注册管理手续；</span></span><br/><span style=\"color: rgb(0, 0, 0); font-size: 16px;\">&nbsp;</span><span style=\"color: rgb(0, 0, 0); font-size: 16px;\"><span style=\"background-attachment: initial; background-clip: initial; background-image: initial; background-origin: initial; background-position: initial; background-repeat: initial; background-size: initial;\">5、人事管理 &nbsp;</span><br/>（1）社会学员：实行人事代理制度，<span style=\"letter-spacing: -0.1pt;\">工龄连续计算，享受国家规定的基本社会保险，工资待遇包括绩效工资和住培补助等；</span>&nbsp;<br/><span style=\"letter-spacing: -0.1pt;\">（2）单位委托培养学员：由委托培养单位管理人事档案、发放基本工资及购买基本社会保险，培训基地发放住培补助等；</span></span><br/><span style=\"color: rgb(0, 0, 0); font-size: 16px;\">&nbsp;</span><span style=\"color: rgb(0, 0, 0); font-size: 16px;\">6、完成规范化培训并考核合格者，颁发由国家卫计委统一印制的《住院医师规范化培训合格证书》；</span><br/><span style=\"color: rgb(0, 0, 0); font-size: 16px;\">7、培训结束后社会学员可择优留院工作。<br/><strong>（八）、联系方式：</strong></span><br/><span style=\"color: rgb(0, 0, 0); font-size: 16px;\">联&nbsp;系&nbsp;人：吴汉生老师、杨瑨老师、郑茵老师&nbsp;&nbsp;&nbsp;&nbsp;&nbsp;&nbsp; &nbsp;&nbsp;</span><br/><span style=\"color: rgb(0, 0, 0); font-size: 16px;\">联系电话：0754-88905387/88905376</span><br/><span style=\"color: rgb(0, 0, 0); font-size: 16px;\">电子邮箱:&nbsp; sdfygpzs@163.com</span><br/><span style=\"color: rgb(0, 0, 0); font-size: 16px;\">医院网站：<a href=\"http://www.stuh.com.cn/\" style=\"text-decoration-line: none; color: rgb(0, 0, 0);\"><span style=\"color: rgb(0, 102, 0);\">http://www.stuh.com.cn/</span></a></span><br/><span style=\"color: rgb(0, 0, 0); font-size: 16px;\">基地住院医师规范化培训管理网站：<a href=\"http://218.16.214.141:9005/\" style=\"text-decoration-line: none; color: rgb(0, 0, 0);\"><span style=\"color: rgb(0, 102, 0);\">http://218.16.214.141:9005</span></a></span><br/><span style=\"color: rgb(0, 0, 0); font-size: 16px;\">联系地址：广东省汕头市金平区长平路57号汕头大学医学院第一附属医院规培办公室</span><br/><span style=\"color: rgb(0, 0, 0); font-size: 16px;\">邮政编码：515041<br/>&nbsp;<br/><strong>（九）、协同单位招生</strong></span><br/><span style=\"color: rgb(0, 0, 0); font-size: 16px;\">协同单位招生简章详见各协同单位医院官网及基地住院医师规范化培训管理网站：<a href=\"http://218.16.214.141:9005/\" style=\"text-decoration-line: none; color: rgb(0, 0, 0);\"><span style=\"color: rgb(0, 102, 0);\">http://218.16.214.141:9005</span></a>。<br/>&nbsp;<br/>1、汕头大学医学院第二附属医院官网：<a href=\"http://www.st120.cn/\" style=\"text-decoration-line: none; color: rgb(0, 0, 0);\">http://www.st120.cn</a><br/>报名联系人：王老师、陈老师。联系电话：0754-88915817<br/>2、汕头大学医学院附属肿瘤医院官网：<a href=\"http://www.sumcch.com/\" style=\"text-decoration-line: none; color: rgb(0, 0, 0);\">http://www.sumcch.com</a>&nbsp;&nbsp;<br/>报名联系人：刘老师、张老师。联系电话：0754-88555844-1041。<br/>3、汕头大学·香港中文大学联合汕头国际眼科中心官网：http://www.jsiec.org报名联系人：林老师。联系电话：0754-88393503、<br/>4、汕头大学精神卫生中心官网：<a href=\"http://www.stumhc.cn/\" style=\"text-decoration-line: none; color: rgb(0, 0, 0);\">http://www.stumhc.cn</a><br/>报名联系人：林老师，张老师。联系电话：0754-82903119。<br/>5、汕头潮南民生医院官网:http://www.stcnms.com<br/>报名联系人:张老师。联系电话：0754-87833309。<br/>6、汕尾市第二人民医院(汕尾逸挥基金医院)官网:http://www.swyihui.com.cn 报名联系人:蔡老师。联系电话：13680952848、0660-3233196。<br/>&nbsp;<br/>附件：报名表<a href=\"http://www.stuh.com.cn/uploadfile/2019/0305/20190305094717284.xls\" style=\"text-decoration-line: none;\">/uploadfile/2019/0305/20190305094717284.xls</a></span></span><br/><br/>&nbsp;</p><p style=\"margin-top: 0px; margin-bottom: 0px; padding: 0px; outline: none; white-space: normal; background-color: rgb(249, 249, 249); font-family: Arial, Helvetica, sans-serif; text-align: right;\"><span style=\"font-family: 微软雅黑;\"><span style=\"line-height: 2em;\">汕头大学医学院第一附属医院规培办<br/>2019年3月5日&nbsp; &nbsp; &nbsp;&nbsp;</span></span></p><p><br/></p>',1557112944,1,1,50),(16,22,'2018年全年阳光用药信息','/uploadimages/0308110215.jpg','2018年全年阳光用药信息','<p style=\"margin-top: 0px; margin-bottom: 0px; padding: 0px; outline: none; text-align: center;\"><strong><span style=\"line-height: 2em;\"><span style=\"font-family: 微软雅黑;\">项&nbsp;&nbsp;&nbsp;&nbsp;&nbsp;&nbsp;目</span></span></strong></p><p style=\"margin-top: 0px; margin-bottom: 0px; padding: 0px; outline: none; text-align: center;\"><strong><span style=\"line-height: 2em;\"><span style=\"font-family: 微软雅黑;\">&nbsp;数据信息</span></span></strong></p><p style=\"margin-top: 0px; margin-bottom: 0px; padding: 0px; outline: none; text-align: center;\"><span style=\"line-height: 2em;\"><span style=\"font-family: 微软雅黑;\">1.药品收入占业务收入比例</span></span></p><p style=\"margin-top: 0px; margin-bottom: 0px; padding: 0px; outline: none; text-align: center;\"><span style=\"line-height: 2em;\"><span style=\"font-family: 微软雅黑;\">29.53%</span></span></p><p style=\"margin-top: 0px; margin-bottom: 0px; padding: 0px; outline: none; text-align: center;\"><span style=\"line-height: 2em;\"><span style=\"font-family: 微软雅黑;\">2.基本药物使用金额比例</span></span></p><p style=\"margin-top: 0px; margin-bottom: 0px; padding: 0px; outline: none; text-align: center;\"><span style=\"line-height: 2em;\"><span style=\"font-family: 微软雅黑;\">44.87%</span></span></p><p style=\"margin-top: 0px; margin-bottom: 0px; padding: 0px; outline: none; text-align: center;\"><span style=\"line-height: 2em;\"><span style=\"font-family: 微软雅黑;\">3.抗菌药物占药品使用金额比例</span></span></p><p style=\"margin-top: 0px; margin-bottom: 0px; padding: 0px; outline: none; text-align: center;\"><span style=\"line-height: 2em;\"><span style=\"font-family: 微软雅黑;\">12.27%</span></span></p><p style=\"margin-top: 0px; margin-bottom: 0px; padding: 0px; outline: none; text-align: center;\"><span style=\"line-height: 2em;\"><span style=\"font-family: 微软雅黑;\">4.门诊病人抗菌药物使用率</span></span></p><p style=\"margin-top: 0px; margin-bottom: 0px; padding: 0px; outline: none; text-align: center;\"><span style=\"line-height: 2em;\"><span style=\"font-family: 微软雅黑;\">11.47%</span></span></p><p style=\"margin-top: 0px; margin-bottom: 0px; padding: 0px; outline: none; text-align: center;\"><span style=\"line-height: 2em;\"><span style=\"font-family: 微软雅黑;\">5.住院病人抗菌药物使用率</span></span></p><p style=\"margin-top: 0px; margin-bottom: 0px; padding: 0px; outline: none; text-align: center;\"><span style=\"line-height: 2em;\"><span style=\"font-family: 微软雅黑;\">42.80%</span></span></p><p style=\"margin-top: 0px; margin-bottom: 0px; padding: 0px; outline: none; text-align: center;\"><span style=\"line-height: 2em;\"><span style=\"font-family: 微软雅黑;\">6.平均住院日</span></span></p><p style=\"margin-top: 0px; margin-bottom: 0px; padding: 0px; outline: none; text-align: center;\"><span style=\"line-height: 2em;\"><span style=\"font-family: 微软雅黑;\">9.07天</span></span></p><p><br/></p>',1552014135,1,1,50),(17,23,'汕头大学医学院高频电刀议价公告','/uploadimages/0308110237.jpg','汕头大学医学院第一附属医院龙湖医院高频电刀议价公告','<p style=\"margin-top: 0px; margin-bottom: 0px; padding: 0px; outline: none; color: rgb(102, 102, 102); font-family: 微软雅黑; font-size: 14px; white-space: normal; background-color: rgb(249, 249, 249); text-align: center;\"><span style=\"line-height: 2em;\"><span style=\"font-size: 16px;\">（编号：201901）</span></span></p><p style=\"margin-top: 0px; margin-bottom: 0px; padding: 0px; outline: none; color: rgb(102, 102, 102); font-family: 微软雅黑; font-size: 14px; white-space: normal; background-color: rgb(249, 249, 249); text-align: justify;\"><span style=\"line-height: 2em;\"><span style=\"font-size: 16px;\">&nbsp;&nbsp;&nbsp;&nbsp;&nbsp; 一、议价项目： 高频电刀 1台（GD350-B)<br/>&nbsp;&nbsp;&nbsp;&nbsp;&nbsp;&nbsp;&nbsp;&nbsp;&nbsp;&nbsp; &nbsp; &nbsp; &nbsp; &nbsp; &nbsp; &nbsp; &nbsp;&nbsp; &nbsp;&nbsp;&nbsp; 高频电刀1台（GD350-B5)<br/><span style=\"line-height: 2em;\">&nbsp;&nbsp;&nbsp;&nbsp;&nbsp;</span>二、&nbsp;议价时间：2019年1月28日，下午3时<br/><span style=\"line-height: 2em;\">&nbsp;&nbsp;&nbsp;&nbsp;&nbsp;</span>三、 地&nbsp;&nbsp;&nbsp;&nbsp;点：龙湖医院门诊楼五楼会议室<br/><span style=\"line-height: 2em;\">&nbsp;&nbsp;&nbsp;&nbsp;&nbsp;</span>四、 有意向参加议价的公司，请将投标文件递送龙湖医院门诊楼五楼纪检监察室，报名截止时间为2019年1月28日上午12时。<br/><span style=\"line-height: 2em;\">&nbsp;&nbsp;&nbsp;&nbsp;&nbsp;</span>五、 投标文件要求：<br/><span style=\"line-height: 2em;\">&nbsp;&nbsp;&nbsp;&nbsp;&nbsp;</span>1、投标文件一正副本各一份，必须密封并加盖公章。<br/><span style=\"line-height: 2em;\">&nbsp;&nbsp;&nbsp;&nbsp;&nbsp;</span>2、包括有效证件：投标单位资质、业务员授权书、业务员身份证复印件、产品授权书、授权单位资质、产品资质等。（所有证件加盖公章）。<br/><span style=\"line-height: 2em;\">&nbsp;&nbsp;&nbsp;&nbsp;&nbsp;</span>3、提交近期成交价参考（中标通知书或购销合同复印件三份）<br/><span style=\"line-height: 2em;\">&nbsp;&nbsp;&nbsp;&nbsp;&nbsp;</span>六、评标说明：以综合考评方式进行评标，不以最低价作为唯一中标依据。<br/><span style=\"line-height: 2em;\">&nbsp;&nbsp;&nbsp;&nbsp;&nbsp;&nbsp;&nbsp;&nbsp;&nbsp;&nbsp;&nbsp;</span>联系电话：0754-87279180&nbsp;林老师&nbsp;&nbsp;（纪检监察审计科）<br/>&nbsp;&nbsp;&nbsp;&nbsp;&nbsp;&nbsp;&nbsp;&nbsp;&nbsp;&nbsp; &nbsp; &nbsp; &nbsp; &nbsp; &nbsp; &nbsp; &nbsp; &nbsp;&nbsp; 0754-87279198&nbsp;李老师&nbsp;&nbsp;（设备科）</span></span></p><p style=\"margin-top: 0px; margin-bottom: 0px; padding: 0px; outline: none; color: rgb(102, 102, 102); font-family: 微软雅黑; font-size: 14px; white-space: normal; background-color: rgb(249, 249, 249); text-align: right;\"><span style=\"line-height: 2em;\"><span style=\"font-size: 16px;\">&nbsp;&nbsp;&nbsp;&nbsp;&nbsp;&nbsp;&nbsp;&nbsp;&nbsp;&nbsp;&nbsp;&nbsp;&nbsp;&nbsp;&nbsp;&nbsp;&nbsp;&nbsp;&nbsp;&nbsp;&nbsp;&nbsp;&nbsp;&nbsp;&nbsp;&nbsp;&nbsp;&nbsp;&nbsp;<br/>汕头大学医学院第一附属医院龙湖医院<br/>&nbsp;&nbsp;&nbsp;&nbsp;&nbsp;&nbsp;&nbsp;&nbsp;&nbsp;&nbsp;&nbsp;&nbsp;&nbsp;&nbsp;&nbsp;&nbsp;&nbsp;&nbsp;&nbsp;&nbsp;&nbsp;&nbsp;&nbsp;&nbsp;&nbsp;&nbsp;&nbsp;&nbsp;&nbsp;&nbsp;&nbsp;&nbsp;&nbsp;&nbsp;&nbsp;2019年1月21日&nbsp;&nbsp;&nbsp;&nbsp;&nbsp;&nbsp;&nbsp;&nbsp;&nbsp;&nbsp;&nbsp;&nbsp;&nbsp;</span></span></p><p style=\"margin-top: 0px; margin-bottom: 0px; padding: 0px; outline: none; color: rgb(102, 102, 102); font-family: 微软雅黑; font-size: 14px; white-space: normal; background-color: rgb(249, 249, 249); text-align: justify;\"><span style=\"line-height: 2em;\"><span style=\"font-size: 16px;\">&nbsp;</span></span></p><p><br/></p>',1557112909,1,1,50),(18,24,'2019年春节门诊开诊公告','/uploadimages/0308111118.png','2019年春节门诊开诊公告','<section><section><section><section><section><section><section><p style=\"margin-top: 0px; margin-bottom: 0px; padding: 0px; outline: none; max-width: 100%; clear: both; min-height: 1em; font-size: 18px; font-weight: bold; color: rgb(216, 40, 33); min-width: 1em; box-sizing: border-box !important; overflow-wrap: break-word !important;\"><strong style=\"margin: 0px; padding: 0px; max-width: 100%; box-sizing: border-box !important; overflow-wrap: break-word !important;\">&nbsp;2019年春节门诊开诊公告</strong></p></section></section></section><section>&nbsp;</section></section><section><section>&nbsp;</section><section>&nbsp;</section><section>&nbsp;</section></section></section></section><section><p style=\"margin-top: 0px; margin-bottom: 0px; padding: 0px; outline: none; max-width: 100%; clear: both; min-height: 1em; line-height: 1.75em; box-sizing: border-box !important; overflow-wrap: break-word !important;\"><strong style=\"margin: 0px; padding: 0px; max-width: 100%; box-sizing: border-box !important; overflow-wrap: break-word !important;\"><span style=\"margin: 0px; padding: 0px; max-width: 100%; color: rgb(216, 40, 33); box-sizing: border-box !important; overflow-wrap: break-word !important;\">尊敬的市民朋友：<br/>&nbsp; &nbsp;&nbsp;</span></strong><strong style=\"margin: 0px; padding: 0px; max-width: 100%; box-sizing: border-box !important; overflow-wrap: break-word !important;\"><span style=\"margin: 0px; padding: 0px; max-width: 100%; color: rgb(216, 40, 33); box-sizing: border-box !important; overflow-wrap: break-word !important;\">2019年2月4日（除夕）至2月10日(正月初六)放假调休，共7天，2月2日（星期<strong style=\"margin: 0px; padding: 0px; max-width: 100%; box-sizing: border-box !important; overflow-wrap: break-word !important;\"><span style=\"margin: 0px; padding: 0px; max-width: 100%; box-sizing: border-box !important; overflow-wrap: break-word !important;\">六</span></strong>）、2月3日（星期日）上班。门诊2月4日(除夕)、2月5日（初一）停诊两天，其他时间照常开诊。</span></strong></p><p style=\"margin-top: 0px; margin-bottom: 0px; padding: 0px; outline: none; max-width: 100%; clear: both; min-height: 1em; box-sizing: border-box !important; overflow-wrap: break-word !important;\"><strong style=\"margin: 0px; padding: 0px; max-width: 100%; box-sizing: border-box !important; overflow-wrap: break-word !important;\"><span style=\"margin: 0px; padding: 0px; max-width: 100%; color: rgb(216, 40, 33); box-sizing: border-box !important; overflow-wrap: break-word !important;\">&nbsp; &nbsp; &nbsp; &nbsp;祝您节日快乐！&nbsp; &nbsp; &nbsp; &nbsp; &nbsp; &nbsp; &nbsp; &nbsp; &nbsp; &nbsp; &nbsp; &nbsp; &nbsp; &nbsp; &nbsp; &nbsp; &nbsp; &nbsp; &nbsp; &nbsp; &nbsp; &nbsp; &nbsp;&nbsp;</span></strong></p><p style=\"margin-top: 0px; margin-bottom: 0px; padding: 0px; outline: none; max-width: 100%; clear: both; min-height: 1em; text-align: right; box-sizing: border-box !important; overflow-wrap: break-word !important;\"><strong style=\"margin: 0px; padding: 0px; max-width: 100%; box-sizing: border-box !important; overflow-wrap: break-word !important;\"><span style=\"margin: 0px; padding: 0px; max-width: 100%; color: rgb(216, 40, 33); box-sizing: border-box !important; overflow-wrap: break-word !important;\">&nbsp;汕头大学医学院第一附属医院</span></strong></p></section><section>&nbsp;</section><section><p style=\"margin-top: 0px; margin-bottom: 0px; padding: 0px; outline: none; max-width: 100%; clear: both; min-height: 1em; text-align: center; box-sizing: border-box !important; overflow-wrap: break-word !important;\"><img alt=\"\\\" src=\"http://www.stuh.com.cn/uploadfile/2019/0202/20190202090651116.png\"/></p></section><section><section><section><section><section><section><p style=\"margin-top: 0px; margin-bottom: 0px; padding: 0px; outline: none; max-width: 100%; clear: both; min-height: 1em; font-size: 18px; font-weight: bold; color: rgb(216, 40, 33); min-width: 1em; box-sizing: border-box !important; overflow-wrap: break-word !important;\">春节专科出诊信息一览表</p></section></section></section><section>&nbsp;</section></section></section></section></section><p style=\"margin-top: 0px; margin-bottom: 0px; padding: 0px; outline: none; font-family: 微软雅黑; font-variant-numeric: normal; font-variant-east-asian: normal; white-space: normal; max-width: 100%; clear: both; min-height: 1em; color: rgb(51, 51, 51); letter-spacing: 0.544px; line-height: 25.6px; widows: 1; text-align: center; background-color: rgb(255, 255, 255); box-sizing: border-box !important; overflow-wrap: break-word !important;\"><img alt=\"\\\" src=\"http://www.stuh.com.cn/uploadfile/2019/0202/20190202091048370.jpg\"/><br/>&nbsp;</p><p></p><section><p style=\"margin-top: 0px; margin-bottom: 0px; padding: 0px; outline: none; max-width: 100%; clear: both; min-height: 1em; box-sizing: border-box !important; overflow-wrap: break-word !important;\"><img alt=\"\\\" src=\"http://www.stuh.com.cn/uploadfile/2019/0202/20190202091026277.jpg\"/></p></section><p></p><p><br/></p>',1552014678,1,1,50),(19,24,'周荣斌教授莅临我院考察危险性上消化道出血','/uploadimages/0308112317.png','周荣斌教授莅临我院考察危险性上消化道出血急诊快速通道建设工作','<p><span style=\"font-family: 微软雅黑; background-color: rgb(249, 249, 249);\">&nbsp;&nbsp; &nbsp; &nbsp;2018年11月26日，全国医师协会急诊医师分会总干事周荣斌教授莅临我院，在陈永松副院长和医务科徐新科长的陪同下，对我院危险性上消化道出血急诊快速通道的建设工作进行了考察。</span><br/><span style=\"color: rgb(102, 102, 102); font-family: 微软雅黑; background-color: rgb(249, 249, 249);\"><span style=\"color: rgb(0, 0, 0);\">&nbsp; &nbsp; &nbsp; &nbsp;考察期间，周总干事充分肯定了我科在该通道建设中起到的重要作用及取得的成果，对多学科合作的诊疗模式（MDT）等多个关键环节，分享自己的经验,并对后续的建设发展提出宝贵意见。</span><br/><span style=\"color: rgb(0, 0, 0);\">&nbsp; &nbsp; &nbsp; &nbsp;危险性上消化道出血病因复杂、抢救难度大、死亡率高，是急诊常见的危重症之一，如何提高此类疾病的抢救成功率和治疗效果，一直是广大急诊医疗工作者研究的问题。&nbsp;</span><br/><span style=\"color: rgb(0, 0, 0);\">&nbsp; &nbsp; &nbsp; &nbsp;本次在中国医师协会急诊分会的推动下，全国多所三甲医院共同开展危险性上消化道出血急诊快速通道建设，其多学科合作的诊疗模式，必将对该类患者的抢救成功率和预后产生深远的影响。我科自接到该通道建设通知以来， 严格按照组委会的要求，在医务科的协调下积极与各个相关科室商讨确定诊疗流程，现已初步完成该快速通道建设并取得较好的效果。接下来，我科将继续不断完善和改进诊疗流程，提高诊治效果，为广大患者带来更加优质的医疗服务。</span></span></p>',1552015397,1,1,50),(20,24,'17种国家医保谈判抗癌药纳入我院基本用药','/uploadimages/0308112338.png','17种国家医保谈判抗癌药纳入我院基本用药供应目录','<p><span style=\"color: rgb(102, 102, 102); font-family: 微软雅黑; background-color: rgb(249, 249, 249);\">&nbsp; &nbsp; &nbsp;为认真贯彻落实习近平总书记视察广东重要讲话精神，从维护人民群众健康和建设健康广东的角度出发，医院高度重视谈判药品的配备使用工作。根据粤卫办函【2018】581号文件要求，经医院药事管理与药物治疗学委员会同意，阿扎包苷等17种国家医保谈判抗癌药，即日起纳入医院基本用药供应目录，我院将根据临床用药需求及时配备相关药品，保障供应。</span></p>',1552015418,1,1,50),(21,23,'新技术！内外科联合，接力抢救复杂主动脉病','/uploadimages/0308112317.png','新技术！内外科联合，接力抢救复杂主动脉病变患者','<p style=\"margin-top: 20px; margin-bottom: 0px; padding: 0px; outline: none; color: rgb(102, 102, 102); font-family: 微软雅黑; white-space: normal; background-color: rgb(249, 249, 249); text-align: center;\"><span style=\"line-height: 2em;\"><strong>——汕大一附院联合心脏外科中心与心内科完成心脏大血管杂交手术</strong></span></p><p style=\"margin-top: 20px; margin-bottom: 0px; padding: 0px; outline: none; color: rgb(102, 102, 102); font-family: 微软雅黑; white-space: normal; background-color: rgb(249, 249, 249); text-align: justify;\"><span style=\"line-height: 2em;\">&nbsp;&nbsp;&nbsp;&nbsp;&nbsp; 2018年11月17日凌晨，汕头大学医学院第一附属医院联合心脏外科中心与心内科强强联合，成功完成一例心脏大血管杂交手术，开创复杂主动脉病变手术治疗的新技术时代！</span></p><p style=\"margin-top: 20px; margin-bottom: 0px; padding: 0px; outline: none; color: rgb(102, 102, 102); font-family: 微软雅黑; white-space: normal; background-color: rgb(249, 249, 249); text-align: center;\"><span style=\"line-height: 2em;\"><strong>心脏突发“炸弹”</strong></span></p><p style=\"margin-top: 20px; margin-bottom: 0px; padding: 0px; outline: none; color: rgb(102, 102, 102); font-family: 微软雅黑; white-space: normal; background-color: rgb(249, 249, 249); text-align: justify;\"><span style=\"line-height: 2em;\">&nbsp;&nbsp;&nbsp;&nbsp;&nbsp;&nbsp; 潮州市68岁的患者辛阿姨（化名）因突发背部撕裂样巨痛被家属紧急送往当地医院，初步诊断为急性主动脉夹层，病情危重。以往此类患者大都送往广州医院治疗，但路途奔波，脆弱的血管随时有破裂危险，家属经多发打听了解到汕大医附一院可开展此类手术，决定紧急转至附一院。患者入院后确诊为主动脉穿透性溃疡，主动脉弓部及降主动脉多发动脉瘤，瘤体随时可能破裂，就像有颗“不定时炸弹”藏在心脏内，随时可能“爆炸”。<br/>&nbsp;&nbsp;&nbsp;&nbsp;&nbsp; 联合心脏外科中心金晶主任紧急会诊后表示，患者左侧胸腔大量积血，必须尽早进行手术治疗。外科手术虽能解决主动脉弓部瘤的问题，但降主动脉血管破口附近血管直径为33mm，外科支架最大直径28mm，无法封住破口。内科大血管支架虽有相匹配的型号，但内科支架置入的锚定区必须到升主动脉，如置入支架将堵塞头部供血，危及生命。此病情极为复杂，联合心脏外科中心和心内科专家通过严谨的会议讨论，决定为辛阿姨进行杂交手术，即选择外科开刀手术与内科腔内手术相结合。</span></p><p style=\"margin-top: 20px; margin-bottom: 0px; padding: 0px; outline: none; color: rgb(102, 102, 102); font-family: 微软雅黑; white-space: normal; background-color: rgb(249, 249, 249); text-align: center;\"><span style=\"line-height: 2em;\"><strong>内外联合，完成首例心脏大血管杂交手术</strong></span></p><p style=\"margin-top: 20px; margin-bottom: 0px; padding: 0px; outline: none; color: rgb(102, 102, 102); font-family: 微软雅黑; white-space: normal; background-color: rgb(249, 249, 249); text-align: justify;\"><span style=\"line-height: 2em;\">&nbsp;&nbsp;&nbsp;&nbsp;&nbsp; 入院当晚，金晶主任带领手术团队为患者开展主动脉去分支术，在心脏不停跳的情况下将主动脉供应上半身血流的三支血管连接至升主动脉，保证了头部和上半身的供血。而后心内科手术团队立即为其施行主动脉腔内修复术，在主动脉弓和弓降部的血管放入两枚支架，将破口覆盖。手术从深夜做到凌晨，内外科15名医护人员用精湛的技术、无间的配合，历经五个半小时，顺利完成手术。术后第二天下午，辛阿姨已能正常进餐。<br/>&nbsp;&nbsp;&nbsp;&nbsp;&nbsp; 此次联合心脏外科中心和心内科团队，利用杂交手术的方法攻克主动脉弓部动脉瘤，大大减少手术时间和手术创伤，降低转运风险，在提高患者治愈率的同时，也体现了医院内外科综合救治急危重患者的协同能力。此次心脏大血管杂交技术的新尝试，也为粤东地区更多的主动脉病变患者带来福音。<br/>联合心脏外科中心成立近三年来，已完成近800例心脏外科手术，手术各项指标处于国内领先水平。其中更是成功挽救了粤东地区百余名急性主动脉夹层患者的生命，产生了良好的社会效益。本地区的心脏病患者不再需要远赴广州，免除路途风险和排队之苦，在家门口就能享受一流的心脏病外科诊疗服务。</span></p><p style=\"margin-top: 20px; margin-bottom: 0px; padding: 0px; outline: none; color: rgb(102, 102, 102); font-family: 微软雅黑; white-space: normal; background-color: rgb(249, 249, 249); text-align: right;\"><span style=\"line-height: 2em;\">（科室：联合心脏外科中心 &nbsp;负责人：耿婷婷 &nbsp;&nbsp;撰稿人：颜晓丹）</span></p><p style=\"margin-top: 20px; margin-bottom: 0px; padding: 0px; outline: none; color: rgb(102, 102, 102); font-family: 微软雅黑; white-space: normal; background-color: rgb(249, 249, 249); text-align: center;\"><span style=\"line-height: 2em;\"><img alt=\"\\\" src=\"/upload/image/20190308/6368764103309156099954949.jpg\"/></span></p><p><br/></p>',1552015435,1,1,50),(22,23,'举行国家普通外科专科医师规范化培训基地','/uploadimages/0308112317.png','我院举行国家普通外科专科医师规范化培训基地揭牌仪式','<p style=\"margin-top: 20px; margin-bottom: 0px; padding: 0px; outline: none; color: rgb(102, 102, 102); font-family: 微软雅黑; white-space: normal; background-color: rgb(249, 249, 249); text-align: justify;\"><span style=\"line-height: 2em;\"><span style=\"background: white; letter-spacing: 0.35pt;\">2018年</span><span style=\"background: white; letter-spacing: 0.35pt;\">11</span><span style=\"background: white; letter-spacing: 0.35pt;\">月</span><span style=\"background: white; letter-spacing: 0.35pt;\">24</span><span style=\"background: white; letter-spacing: 0.35pt;\">日上午，我院国家普通外科专科医师规范化培训基地揭牌仪式在医院第二报告厅举行，同时举行第四届粤东消化肿瘤外科规范化治疗研讨会及手术演示。我院党委欧利民书记主持揭牌仪式，来自广东省内各大医院的多名知名专家做精彩报告，广东省人民医院李勇教授、我院胃肠外科陈君填主任、曾永明主任做手术演示，来自粤东地区的同行约</span><span style=\"background: white; letter-spacing: 0.35pt;\">300</span><span style=\"background: white; letter-spacing: 0.35pt;\">人参加会议。</span><br/><span style=\"background: white; letter-spacing: 0.35pt;\">&nbsp;&nbsp;&nbsp;&nbsp;&nbsp; 今年</span><span style=\"background: white; letter-spacing: 0.35pt;\">8</span><span style=\"background: white; letter-spacing: 0.35pt;\">月30日，国家卫健委科教司发布了《关于转发中国医师协会公布第二批专科医师规范化培训基地名录的通知》，我院普通外科专培基地申报成功，成为广东省十家专培基地中唯一省会外的基地。</span><span style=\"background: white; letter-spacing: 0.35pt;\">9</span><span style=\"background: white; letter-spacing: 0.35pt;\">月份，我院派出普外科团队前往北京参加&nbsp;</span><span style=\"background: white; letter-spacing: 0.35pt;\">“</span><span style=\"background: white; letter-spacing: 0.35pt;\">普通外科学试点专科第一期基地主任和骨干师资培训班</span><span style=\"background: white; letter-spacing: 0.35pt;\">”</span><span style=\"background: white; letter-spacing: 0.35pt;\">，认真学习了普外专培基地的相关政策及教学与管理等相关内容。</span><br/>&nbsp;&nbsp;&nbsp;&nbsp;&nbsp; 专科医师规范化培训是毕业后医学教育的重要组成部分，是在住院医师规范化培训基础上，继续培养能够独立、规范地从事疾病专科诊疗工作临床医师的必经途径。主要培训模式是“5+3+X”，即在5年医学类专业本科教育和进行了3年住院医师规范化培训后，再依据各专科培训标准与要求进行2-4年的专科医师规范化培训，成为有良好的医疗保健通识素养，扎实的专业素质能力、基本的专科特长和相应科研教学能力的临床医师。<br/>&nbsp;&nbsp;&nbsp;&nbsp;&nbsp; 专科基地的遴选非常严格，目前公示的基地都是国内一流医院，拥有优秀的带教老师，大多数具备专业博士学位授予资格。我院普通外科是广东省重点专科，分为6个专业5个病区，共设病床238张，大多数医师拥有硕士以上学位。此次成功申报国家<span style=\"background: white; letter-spacing: 0.35pt;\">专科医师规范化培训基地</span>，<span style=\"background: white; letter-spacing: 0.35pt;\">标志着我院普通外科的技术水平、师资力量和基地建设得到国家层面的肯定。</span><br/><span style=\"background: white; letter-spacing: 0.35pt;\">&nbsp;&nbsp;&nbsp;&nbsp;&nbsp; 我院</span>普通外科<span style=\"background: white; letter-spacing: 0.35pt;\">专科医师培训基地将于近期开始着手招录工作，初定每年在全国范围内招收学员两名。科室将依托广东省高水平医院建设“登峰计划”，进一步加强专科基地建设，构建高素质合格的师资队伍，培养高水平专科医师，为粤东及至全国的普通外科建设做出贡献。</span></span></p><p style=\"margin-top: 20px; margin-bottom: 0px; padding: 0px; outline: none; color: rgb(102, 102, 102); font-family: 微软雅黑; white-space: normal; background-color: rgb(249, 249, 249); text-align: right;\"><span style=\"line-height: 2em;\">（科室：胃肠外科一区 &nbsp;负责人：章斐然&nbsp; 撰稿人：吴宝安）</span></p><p style=\"margin-top: 20px; margin-bottom: 0px; padding: 0px; outline: none; color: rgb(102, 102, 102); font-family: 微软雅黑; white-space: normal; background-color: rgb(249, 249, 249); text-align: center;\"><span style=\"line-height: 2em;\"><img alt=\"\\\" src=\"/upload/image/20190308/6368764105069110334953323.jpg\"/><br/><br/><img alt=\"\\\" src=\"/upload/image/20190308/6368764105105162451399270.jpg\"/></span></p><p><br/></p>',1557113001,1,1,50),(23,22,'特殊产妇危在旦夕.多学科通力合作妙手回春','/uploadimages/0308112317.png','特殊产妇危在旦夕，多学科通力合作妙手回春','<p style=\"margin-top: 20px; margin-bottom: 0px; padding: 0px; outline: none; color: rgb(102, 102, 102); font-family: 微软雅黑; white-space: normal; background-color: rgb(249, 249, 249); text-align: justify;\"><span style=\"line-height: 2em;\">，我院收治一位诊断为多发性硬化的孕产妇，患者病情危重，自身及胎儿均有生命危险，在此危急时刻，我院神经内科二区、重症医学科、产科、临床药学科、新生儿及麻醉科多学科通力合作，战胜病魔，创造生命奇迹。<br/>&nbsp;&nbsp;&nbsp;&nbsp;&nbsp; 患者1年前曾因肢体乏力、麻木到医院就诊，确诊为“多发性硬化”，须长期服用激素治疗，且妊娠需在病情稳定后在医生指导下进行，但患者在去年12月份意外怀孕后便自行停药，期间多次出现病情复发，在妊娠维持至34周时，患者突发感冒后肢体乏力加重，翻身及行走困难，并出现夜间呼吸困难，遂至我院就诊。<br/>&nbsp;&nbsp;&nbsp;&nbsp;&nbsp; 入院后，神经内科二区何文贞主任高度重视患者病情，与团队仔细讨论并制定治疗方案，控制病情的同时顾及胎儿安全，同时严密观察患者病情变化，做好随时抢救准备。入院第二天，患者病情突然加重，请重症医学科会诊后转入ICU抢救治疗，同时经产科会诊讨论后，决定为患者行气内麻下剖宫产术，胎儿顺利娩出即送至新生儿科治疗。近日，患者的孩子从新生儿科顺利出院，患者也在多科协作及全体医护人员的精心照护下逐步好转。当身为军人的丈夫抱着可爱的宝宝来到神经内科二区时，一家三口来之不易的团聚画面令在场的每个人动容。<br/>&nbsp;&nbsp;&nbsp;&nbsp;&nbsp; 我院神经内科二区、重症医学科、产科、麻醉科、新生儿科、临床药学科等多学科通力合作，使患者转危为安，保住了两个生命，成全一个完整的家庭。这也体现了我院医务人员精湛的医疗水平和学科间的紧密联系与合作，用实际行动诠释了心系患者生命安全的大医精神。</span></p><p style=\"margin-top: 20px; margin-bottom: 0px; padding: 0px; outline: none; color: rgb(102, 102, 102); font-family: 微软雅黑; white-space: normal; background-color: rgb(249, 249, 249); text-align: right;\"><span style=\"line-height: 2em;\">&nbsp;（科室： 神经内科二区 &nbsp;负责人：何文贞&nbsp; &nbsp;撰稿人：蔡少羽 陈思洽 张倩）</span></p><p style=\"margin-top: 20px; margin-bottom: 0px; padding: 0px; outline: none; color: rgb(102, 102, 102); font-family: 微软雅黑; white-space: normal; background-color: rgb(249, 249, 249); text-align: center;\"><br/></p><p><br/></p>',1557116575,1,1,50),(24,37,'【名医专访】黄林喜：守护生命的最后一道','','【名医专访】黄林喜：守护生命的最后一道防线','<p style=\"margin-top: 10px; margin-bottom: 10px; padding: 0px; outline: none; font-variant-numeric: normal; font-variant-east-asian: normal; white-space: normal; background-color: rgb(249, 249, 249); max-width: 100%; box-sizing: border-box; clear: both; min-height: 1em; color: rgb(51, 51, 51); font-family: -apple-system-font, BlinkMacSystemFont, &quot;Helvetica Neue&quot;, &quot;PingFang SC&quot;, &quot;Hiragino Sans GB&quot;, &quot;Microsoft YaHei UI&quot;, &quot;Microsoft YaHei&quot;, Arial, sans-serif; letter-spacing: 0.5px; line-height: 1.75em; text-indent: 2em; text-align: justify; overflow-wrap: break-word !important;\"><span style=\"color: rgb(0, 0, 0);\"><span style=\"line-height: 2em;\"><span style=\"font-family: 微软雅黑;\"><span style=\"margin: 0px; padding: 0px; max-width: 100%; box-sizing: border-box !important; overflow-wrap: break-word !important;\">黄林喜，汕头大学医学院第一附属医院重症医学科主任，主任医师，汕头大学医学院内科学教授，硕士生导师，现任广东省医学会重症医学分会委员，广东省医师协会重症医学分会常务委员，广东省肝病学会重症医学分会副主任委员，广东省临床医学学会重症医学分会副主任委员等职。黄主任自2001年开始一直负责临床学院各层次学生（含研究生）《急诊医学》、《危重病护理学》的教学工作。曾获汕头市科技进步奖一项，主持省级和市级科研课题五项，发表省级、国家级科研论文共三十余篇，参编著作一部。黄主任也是汕头大学医学院第一附属医院内科五党支部书记，在他的带领下，支部荣获“广东省高校三型党支部”、“汕头大学先进党支部”等称号。</span><br/><span style=\"margin: 0px; padding: 0px; max-width: 100%; box-sizing: border-box !important; overflow-wrap: break-word !important;\">&nbsp;&nbsp;&nbsp;&nbsp;&nbsp; 黄主任熟悉ICU中各种抢救及监测技术，对各型休克、多器官功能障碍综合征（MODS）、重症感染、急性呼吸窘迫综合征（ARDS）、急性肾功能衰竭、急性重症胰腺炎、严重创伤、心力衰竭、心律失常、脑血管意外、颅脑创伤等危重病有丰富的临床救治经验。</span></span></span></span></p><p style=\"margin-top: 10px; margin-bottom: 10px; padding: 0px; outline: none; font-variant-numeric: normal; font-variant-east-asian: normal; white-space: normal; background-color: rgb(249, 249, 249); max-width: 100%; box-sizing: border-box; clear: both; min-height: 1em; color: rgb(51, 51, 51); font-family: -apple-system-font, BlinkMacSystemFont, &quot;Helvetica Neue&quot;, &quot;PingFang SC&quot;, &quot;Hiragino Sans GB&quot;, &quot;Microsoft YaHei UI&quot;, &quot;Microsoft YaHei&quot;, Arial, sans-serif; letter-spacing: 0.5px; line-height: 1.75em; text-indent: 2em; text-align: justify; overflow-wrap: break-word !important;\"><span style=\"color: rgb(0, 0, 0);\"><strong><span style=\"margin: 0px; padding: 0px; max-width: 100%; box-sizing: border-box !important; overflow-wrap: break-word !important;\">守候病人成为一种习惯</span></strong></span></p><p style=\"margin-top: 10px; margin-bottom: 10px; padding: 0px; outline: none; font-variant-numeric: normal; font-variant-east-asian: normal; white-space: normal; background-color: rgb(249, 249, 249); max-width: 100%; box-sizing: border-box; clear: both; min-height: 1em; color: rgb(51, 51, 51); font-family: -apple-system-font, BlinkMacSystemFont, &quot;Helvetica Neue&quot;, &quot;PingFang SC&quot;, &quot;Hiragino Sans GB&quot;, &quot;Microsoft YaHei UI&quot;, &quot;Microsoft YaHei&quot;, Arial, sans-serif; letter-spacing: 0.5px; line-height: 1.75em; text-indent: 2em; text-align: justify; overflow-wrap: break-word !important;\"><span style=\"color: rgb(0, 0, 0);\"><span style=\"line-height: 2em;\"><span style=\"font-family: 微软雅黑;\"><span style=\"margin: 0px; padding: 0px; max-width: 100%; text-align: left; background-color: rgba(1, 0, 0, 0); box-sizing: border-box !important; overflow-wrap: break-word !important;\">平时只要不出差，黄主任每天都会到医院，无论是双休日或是公共假日，这是他多年来养成的习惯。碰到重大事故、全市会诊等特殊情况，他更是随叫随到。黄主任坦言，ICU里抢救患者经常发生，值得骄傲的是，在全体ICU医护人员的共同协作下，我院ICU抢救病人的成功率达90%以上，每月患者的实际死亡率比预期死亡率低15%-25%，谈到这里，黄主欣慰地笑了。</span></span></span></span></p><p style=\"margin-top: 10px; margin-bottom: 10px; padding: 0px; outline: none; font-variant-numeric: normal; font-variant-east-asian: normal; white-space: normal; background-color: rgb(249, 249, 249); max-width: 100%; box-sizing: border-box; clear: both; min-height: 1em; color: rgb(51, 51, 51); font-family: -apple-system-font, BlinkMacSystemFont, &quot;Helvetica Neue&quot;, &quot;PingFang SC&quot;, &quot;Hiragino Sans GB&quot;, &quot;Microsoft YaHei UI&quot;, &quot;Microsoft YaHei&quot;, Arial, sans-serif; letter-spacing: 0.5px; line-height: 1.75em; text-indent: 2em; text-align: justify; overflow-wrap: break-word !important;\"><span style=\"color: rgb(0, 0, 0);\"><span style=\"line-height: 2em;\"><span style=\"font-family: 微软雅黑;\"><span style=\"margin: 0px; padding: 0px; max-width: 100%; text-align: left; background-color: rgba(1, 0, 0, 0); box-sizing: border-box !important; overflow-wrap: break-word !important;\">在这里，绝望和希望在争分夺秒地博弈，每一秒钟都可能给重症患者带来生的希望。ICU团队曾接治过一名87岁的老龄患者，患者因COPD急性发作合并下呼吸道感染、心衰、肾衰收入综合ICU，ICU团队在黄主任的带领下对患者进行多角度综合的评价后，与患者家属进行详细沟通，充分了解患者及家属的需求及治疗定位，确定了“通过ICU积极抢救治疗以获得降低短期死亡率并恢复平素器官功能和生活质量”的目标。</span></span></span></span></p><p style=\"margin-top: 0px; margin-bottom: 0px; padding: 0px; outline: none; font-variant-numeric: normal; font-variant-east-asian: normal; white-space: normal; background-color: rgb(249, 249, 249); max-width: 100%; clear: both; min-height: 1em; color: rgb(51, 51, 51); font-family: -apple-system-font, BlinkMacSystemFont, &quot;Helvetica Neue&quot;, &quot;PingFang SC&quot;, &quot;Hiragino Sans GB&quot;, &quot;Microsoft YaHei UI&quot;, &quot;Microsoft YaHei&quot;, Arial, sans-serif; letter-spacing: 0.544px; line-height: 28px; text-indent: 2em; text-align: justify; box-sizing: border-box !important; overflow-wrap: break-word !important;\"><span style=\"color: rgb(0, 0, 0);\"><span style=\"line-height: 2em;\"><span style=\"font-family: 微软雅黑;\"><span style=\"margin: 0px; padding: 0px; max-width: 100%; box-sizing: border-box !important; overflow-wrap: break-word !important;\">在治疗过程中，团队更强调对患者的情绪支持、疼痛和症状的控制、更低强度更高舒适程度的护理和人文关怀，亦即近来流行的 ICU“舒缓治疗”，让87岁的阿姨更有信心地与医护人员及家属一齐同病魔战斗。ICU给予的不是临终关怀，而是一个“90岁的小目标”。</span></span></span></span></p><p style=\"margin-top: 0px; margin-bottom: 0px; padding: 0px; outline: none; font-variant-numeric: normal; font-variant-east-asian: normal; white-space: normal; background-color: rgb(249, 249, 249); max-width: 100%; clear: both; min-height: 1em; color: rgb(51, 51, 51); font-family: -apple-system-font, BlinkMacSystemFont, &quot;Helvetica Neue&quot;, &quot;PingFang SC&quot;, &quot;Hiragino Sans GB&quot;, &quot;Microsoft YaHei UI&quot;, &quot;Microsoft YaHei&quot;, Arial, sans-serif; letter-spacing: 0.544px; text-indent: 32px; line-height: 28px; text-align: justify; box-sizing: border-box !important; overflow-wrap: break-word !important;\"><span style=\"color: rgb(0, 0, 0);\"><span style=\"line-height: 2em;\"><span style=\"font-family: 微软雅黑;\"><span style=\"margin: 0px; padding: 0px; max-width: 100%; box-sizing: border-box !important; overflow-wrap: break-word !important;\">每当重症传染病肆虐之时，ICU往往是关键科室，无论是03年的“非典”，还是近年来的H1N1甲型流感、H7N9禽流感、手足口病暴发流行期间，黄主任都全程参与，分析研究、制定诊治方案、带领全科医护人员不分昼夜奋力抢救，使许多患者转危为安，守护了无数患者的健康。</span></span></span></span></p><p style=\"margin-top: 0px; margin-bottom: 0px; padding: 0px; outline: none; font-variant-numeric: normal; font-variant-east-asian: normal; white-space: normal; background-color: rgb(249, 249, 249); max-width: 100%; clear: both; min-height: 1em; color: rgb(51, 51, 51); font-family: -apple-system-font, BlinkMacSystemFont, &quot;Helvetica Neue&quot;, &quot;PingFang SC&quot;, &quot;Hiragino Sans GB&quot;, &quot;Microsoft YaHei UI&quot;, &quot;Microsoft YaHei&quot;, Arial, sans-serif; letter-spacing: 0.544px; text-indent: 32px; line-height: 28px; text-align: justify; box-sizing: border-box !important; overflow-wrap: break-word !important;\"><span style=\"color: rgb(0, 0, 0);\"><span style=\"line-height: 2em;\"><span style=\"font-family: 微软雅黑;\"><span style=\"margin: 0px; padding: 0px; max-width: 100%; box-sizing: border-box !important; overflow-wrap: break-word !important;\"><strong>开展新技术救治重症患者</strong></span></span></span></span></p><p style=\"margin-bottom: 0px; padding: 0px; outline: none; font-variant-numeric: normal; font-variant-east-asian: normal; white-space: normal; background-color: rgb(249, 249, 249); max-width: 100%; clear: both; min-height: 1em; color: rgb(0, 1, 1); font-family: -apple-system-font, BlinkMacSystemFont, &quot;Helvetica Neue&quot;, &quot;PingFang SC&quot;, &quot;Hiragino Sans GB&quot;, &quot;Microsoft YaHei UI&quot;, &quot;Microsoft YaHei&quot;, Arial, sans-serif; font-size: 15px; letter-spacing: 0.544px; line-height: 1.75em; text-indent: 2em; text-align: justify; box-sizing: border-box !important; overflow-wrap: break-word !important;\"><span style=\"color: rgb(0, 0, 0);\"><span style=\"line-height: 2em;\"><span style=\"font-size: 16px;\"><span style=\"font-family: 微软雅黑;\"><span style=\"margin: 0px; padding: 0px; max-width: 100%; box-sizing: border-box !important; overflow-wrap: break-word !important;\">ICU是一个集中大量监护和抢救设备，对危重患者进行连续监护救治的地方。危重患者由于常常伴发多器官功能衰竭，病情凶险、变化快、死亡率高，对衰竭器官功能的支持是救治重症患者的基础。</span></span></span></span></span></p><p style=\"margin-bottom: 0px; padding: 0px; outline: none; font-variant-numeric: normal; font-variant-east-asian: normal; white-space: normal; background-color: rgb(249, 249, 249); max-width: 100%; clear: both; min-height: 1em; color: rgb(0, 1, 1); font-family: -apple-system-font, BlinkMacSystemFont, &quot;Helvetica Neue&quot;, &quot;PingFang SC&quot;, &quot;Hiragino Sans GB&quot;, &quot;Microsoft YaHei UI&quot;, &quot;Microsoft YaHei&quot;, Arial, sans-serif; font-size: 15px; letter-spacing: 0.544px; line-height: 1.75em; text-indent: 2em; text-align: justify; box-sizing: border-box !important; overflow-wrap: break-word !important;\"><span style=\"color: rgb(0, 0, 0);\"><span style=\"line-height: 2em;\"><span style=\"font-size: 16px;\"><span style=\"font-family: 微软雅黑;\"><span style=\"margin: 0px; padding: 0px; max-width: 100%; box-sizing: border-box !important; overflow-wrap: break-word !important;\">ICU曾收治一名重症妊娠期脂肪肝、肝功能衰竭合并肺部感染、肾功能不全的孕妇，患者病情凶险，死亡率高达50%以上。黄主任带领团队迅速为患者置血透导管行新型人工肝——重复通过白蛋白透析8-12小时序贯持续静脉静脉血液滤过（CVVH）治疗、机械通气、抗感染、护肝等器官功能保护治疗。在医护人员的全力抢救下，患者最终治愈出院。<br/><span style=\"font-variant-numeric: normal; font-variant-east-asian: normal; letter-spacing: 0.544px; text-indent: 32px; background-color: rgb(255, 255, 255);\">&nbsp;&nbsp;&nbsp;&nbsp;&nbsp; 近年来，在黄主任的带领下，我院ICU在粤东率先开展多项新技术，包括脉搏指数持续心输出量监测（PICCO）、人工肝（DPMAS等）、体外膜肺氧合（ECMO）等，并综合运用有创及无创机械通气技术、循环支持技术、血液净化技术、心肺脑复苏技术、感染控制技术和营养支持技术等对病人进行抢救，成功救治一大批危重病人。随着ICU技术水平的不断提升，ICU在2017年中国地级城市医院竞争力-地级专科30强-重症医学科排行榜中位列第6位。</span><span style=\"margin: 0px; padding: 0px; max-width: 100%; font-variant-numeric: normal; font-variant-east-asian: normal; letter-spacing: 0.544px; text-indent: 32px; background-color: rgb(255, 255, 255); box-sizing: border-box !important; overflow-wrap: break-word !important;\">在科室人员的共同努力下，ICU还获得“广东省精神文明岗”荣誉称号，更得到同行及社会的高度评价。</span><br/><span style=\"font-variant-numeric: normal; font-variant-east-asian: normal; letter-spacing: 1.5px; text-indent: 0px; background-color: rgb(255, 255, 255);\">&nbsp;&nbsp;&nbsp;&nbsp;&nbsp; ICU是患者最接近死亡的地方，也是最有希望的地方。他们救治患者的身体，更挽救他们的心灵。ICU的战士们需要无所不知、无所不能、无所畏惧，抱着这样的信念，他们坚持学习，开展新技术，他们愿意一直战斗下去，做生命的守护神。</span></span></span></span></span></span></p><p><br/></p>',1557113014,1,1,50),(25,37,'【名医专访】庄伟端：不忘初心，医无止境','','【名医专访】庄伟端：不忘初心，医无止境','<p style=\"margin-top: 0px; margin-bottom: 0px; padding: 0px; outline: none; color: rgb(102, 102, 102); font-family: 微软雅黑; font-size: 14px; white-space: normal; background-color: rgb(249, 249, 249); text-align: justify;\"><span style=\"line-height: 2em;\"><span style=\"font-size: 16px;\"><span style=\"color: rgb(0, 0, 0); font-variant-numeric: normal; font-variant-east-asian: normal; letter-spacing: 1px; text-indent: 30px; background-color: rgb(255, 255, 255);\">&nbsp; 庄伟端，主任医师，硕士生导师。从事临床医教研工作26年来，专长于神经内科疾病，特别是脑血管疾病的急救和防治。经常参加粤东各市、县级医院会诊，得到同行专家好评。参与多项国际和国内有关脑卒中的临床研究。现任中国医师协会神经内科医师分会脑与脊髓损害专委会委员，广东省医学会神经病学分会常务委员，广东省医疗行业协会神经内科管理委员会副主任委员，广东省医学会医学鉴定专家库成员，世界卒中组织(WSO)会员，汕头市医学会神经内科学专业委员会主任委员，我院神经病学教研室主任、神经内科主任等职务。</span></span></span></p><p style=\"margin-top: 0px; margin-bottom: 0px; padding: 0px; outline: none; color: rgb(102, 102, 102); font-family: 微软雅黑; font-size: 14px; white-space: normal; background-color: rgb(249, 249, 249); text-align: center;\"><span style=\"line-height: 2em;\"><span style=\"font-size: 16px;\"><strong>致力于增强全民健康知识</strong></span></span></p><p style=\"margin-top: 0px; margin-bottom: 0px; padding: 0px; outline: none; color: rgb(102, 102, 102); font-family: 微软雅黑; font-size: 14px; white-space: normal; background-color: rgb(249, 249, 249); text-align: justify;\"><span style=\"line-height: 2em;\"><span style=\"font-size: 16px;\">&nbsp;&nbsp;&nbsp;&nbsp;&nbsp; “脑卒中（又称脑血管病），是一种突然起病的脑血液循环障碍性疾病，具有发病率高、致残率高、死亡率高和复发率高等特点，”庄主任解释道：随着近年我国居民生活水平的提高和生活方式的改变，脑卒中人群患病率还在不断上升。针对脑卒中的临床表现，他总结为以下几点：突发口角歪斜、上下肢或单侧肢体无力；突发言语障碍，或理解力下降；单侧或双侧视物模糊；突发头昏、平衡调节障碍或行走困难；突发不明原因的头痛等。因此，及早识别脑卒中发病的症状，尽可能快的告诉他人您的不适感觉，寻求周围人的帮助；立即拨打120。<br/>&nbsp;&nbsp;&nbsp;&nbsp;&nbsp; “我的从医生涯中，接触过最小的脑梗患者16岁，最大的是96岁，在粤东以至全国，我认为有关脑卒中的健康知识普及相当重要。”因此他经常向患者发放有关脑卒中的资料，耐心全面地对脑卒中患者进行危险因素以及二级预防的健康知识宣教、综合评估卒中危险指数，进行精准的干预，尽可能减少卒中的发生和复发。</span></span></p><p style=\"margin-top: 0px; margin-bottom: 0px; padding: 0px; outline: none; color: rgb(102, 102, 102); font-family: 微软雅黑; font-size: 14px; white-space: normal; background-color: rgb(249, 249, 249); text-align: center;\"><span style=\"line-height: 2em;\"><span style=\"font-size: 16px;\"><strong>朝着目标去努力，就是快乐</strong></span></span></p><p><br/></p>',1552020666,1,1,50),(26,37,'【名医专访】肖哲：勇攀神经外科高峰的践行','','【名医专访】肖哲：勇攀神经外科高峰的践行者','<p><span style=\"color: rgb(102, 102, 102); font-family: 微软雅黑; letter-spacing: 0.544px; text-align: justify; text-indent: 32px; background-color: rgb(255, 255, 255);\">&nbsp; 肖哲，汕头大学医学院第一附属医院大外科主任、外科教研室主任、主任医师、教授、研究生导师。广东省科技成果奖励评审专家、省级科技专项资金项目评审专家。广东省医学会神经外科学分会常委、《中华显微外科杂志》特约编委。从事医疗工作34年，擅长微创神经外科手术，全面开展以显微手术、血管内介入、神经内镜、锁孔和导航为支柱的现代神经外科治疗，在脑血管病、颅内肿瘤和颅脑损伤的手术治疗方面有深湛的造诣。获科研项目8项、发表包括SCI论文和国内杂志论文20多篇、获汕头市科技进步奖5项、作为副主编出版《临床与药物--神经科常见病的防治》，主办5届国家和省级《血管内介入术治疗颅内动脉瘤新进展学习班》和《颅内肿瘤手术新进展学习班》，先后荣获 “全国救灾防病先进个人”、“汕头市拔尖人才——市管人才”、市 “优秀市民”、 “广东省高校附属医院医德十名标兵”等荣誉称号。</span></p>',1552020693,1,1,50),(27,37,'【名医专访】金晶:与时间“赛跑”的心外科','','【名医专访】金晶:与时间“赛跑”的心外科医生','<p style=\"margin-top: 0px; margin-bottom: 0px; padding: 0px; outline: none; color: rgb(102, 102, 102); font-family: 微软雅黑; font-size: 14px; white-space: normal; background-color: rgb(249, 249, 249);\"><span style=\"font-size: 16px;\"><span style=\"line-height: 2em;\">&nbsp; &nbsp;金晶，汕头大学医学院第一附属医院联合心脏外科中心副主任，副主任医师。中华医师协会心血管分会青年委员、中国非公立医疗机构协会心血管外科专业委员会委员、武汉市小儿外科学会委员，2015年获中国医师协会优秀青年医师奖。参与各类心脏手术6000余例，个人主刀2000余例。擅长先心病、瓣膜病、冠心病以及大血管疾病的诊断及治疗。</span></span></p><p style=\"margin-top: 0px; margin-bottom: 0px; padding: 0px; outline: none; color: rgb(102, 102, 102); font-family: 微软雅黑; font-size: 14px; white-space: normal; background-color: rgb(249, 249, 249); text-align: center;\"><span style=\"font-size: 16px;\"><strong>双手在心尖起舞，绘出不计其数的生机</strong></span></p><p style=\"margin-top: 0px; margin-bottom: 0px; padding: 0px; outline: none; color: rgb(102, 102, 102); font-family: 微软雅黑; font-size: 14px; white-space: normal; background-color: rgb(249, 249, 249);\"><span style=\"font-size: 16px;\"><span style=\"line-height: 2em;\"><span style=\"line-height: 2em;\">&nbsp;&nbsp;&nbsp;&nbsp;&nbsp;&nbsp;</span>金晶副主任从事心脏外科诊疗和研究14年，擅长先心病、瓣膜病、冠心病以及大血管疾病的诊断及治疗。先天性心脏病手术治疗，尤其是低龄低体重及复杂先心病，其中低龄低体重患</span></span></p><p><br/></p>',1552020714,1,1,50),(28,37,'【名医专访】王斌: 30多载从医路，用行','','【名医专访】王斌: 30多载从医路，用行动演绎大医风范','<p><span style=\"font-family: arial, helvetica, sans-serif; text-align: justify; background-color: rgb(249, 249, 249);\">王斌，汕头大学医学院第一附属医院任副院长、心血管病医院院长，国务院特殊津贴专家，医学博士，博士生导师，任中国医师协会心血管内科医师分会委员、中国医师协会心血管内科医师分会基层工作委员会副主委兼秘书长，广东省医师协会心血管介入医师分会副主委。在心血管疾病的急救和介入治疗方面具有丰富临床经验，擅长旋磨治疗复杂冠脉病变和CRT植入。完成2项国际合作研究项目、近10项国家级和省部级科研项目，在国际上首先发现心肌组织可以表达IgM分子，先后发表论文80篇，编译专著40本，获国家专利4项。入选2016年度广东省扬帆计划的拔尖人才项目，获得政府资助100万元。</span></p>',1552020736,1,1,50),(29,37,'【医者楷模】多年行医生涯，他们始终对患者','','【医者楷模】多年行医生涯，他们始终对患者不离不弃','<p style=\"margin-top: 0px; margin-bottom: 0px; padding: 0px; outline: none; color: rgb(102, 102, 102); font-family: 微软雅黑; font-size: 14px; white-space: normal; background-color: rgb(249, 249, 249); text-align: justify;\"><span style=\"line-height: 2em;\"><span style=\"font-size: 16px;\"><span style=\"font-variant-numeric: normal; font-variant-east-asian: normal; text-indent: 32px; background-color: rgb(255, 255, 255);\">&nbsp; &nbsp; 二十余载执着追求的陈英杰医生，让我们看到急诊工作的紧张急迫；永远不抛弃不放弃的王欣医生，一边给自己推药一边守着病患和自己的心电监护，给我们带来无限感动；术巧而仁心在的张子衡医生，带领神经外科重症监护室成功救治了无数患者；以院为家的林运全医生，无数次往返于医院与家之间，全心全意服务患者。</span></span></span></p><p style=\"margin-top: 0px; margin-bottom: 0px; padding: 0px; outline: none; color: rgb(102, 102, 102); font-family: 微软雅黑; font-size: 14px; white-space: normal; background-color: rgb(249, 249, 249); text-align: justify;\">&nbsp;</p><p style=\"margin-top: 0px; margin-bottom: 0px; padding: 0px; outline: none; color: rgb(102, 102, 102); font-family: 微软雅黑; font-size: 14px; white-space: normal; background-color: rgb(249, 249, 249); text-align: center;\"><br/><span style=\"font-variant-numeric: normal; font-variant-east-asian: normal; text-align: justify; text-indent: 32px; background-color: rgb(255, 255, 255);\"><span style=\"line-height: 2em;\"><span style=\"font-size: 16px;\"><strong>陈英杰：</strong><strong>二十余载执着追求 平凡岗位创佳绩</strong></span></span></span></p><p style=\"margin-top: 0px; margin-bottom: 0px; padding: 0px; outline: none; color: rgb(102, 102, 102); font-family: 微软雅黑; font-size: 14px; white-space: normal; background-color: rgb(249, 249, 249); text-align: justify;\"><span style=\"line-height: 2em;\"><span style=\"font-size: 16px;\"><span style=\"font-variant-numeric: normal; font-variant-east-asian: normal; text-indent: 32px; background-color: rgb(255, 255, 255);\"><span style=\"line-height: 2em;\"><span style=\"font-variant-numeric: normal; font-variant-east-asian: normal;\">&nbsp;&nbsp;&nbsp;&nbsp;&nbsp;&nbsp;</span></span>陈英杰，主任医师，我院急诊科主任，在从事临床工作的22年中，有20年奋战在急诊科第一线，抢救了相当多的危重病人，以精湛的医技和高度的责任心赢得了患者和同行的一致认可！<br/><span style=\"line-height: 2em;\"><span style=\"font-variant-numeric: normal; font-variant-east-asian: normal;\">&nbsp;&nbsp;&nbsp;&nbsp;&nbsp;&nbsp;</span></span>陈主任身为医院急救队的队长，长期处于紧张高压的工作环境中，但却依然尽职尽责，默默奉献。陈主任曾连续四天四夜待命在急救现场，而在医院急诊，他更是</span></span></span></p><p><br/></p>',1552020757,1,1,50),(30,37,'【医者楷模】有这样几个人，他们技术超群、','','【医者楷模】有这样几个人，他们技术超群、待患者细致入微','<p><span style=\"color: rgb(102, 102, 102); font-family: 微软雅黑; background-color: rgb(249, 249, 249);\">本期这四位医者楷模来自各个不同的临床科室。他们中有粤东心血管病介入治疗学的开拓者王东明医生；有致力于国际友人健康服务的守护者任春红医生；有大爱无疆、用心解题的蔡立慧护士长；也有生命的守护天使吴伟森医生。</span></p>',1552020783,1,1,50),(31,37,'【医者楷模】他们是术精岐黄，妙手仁心的这','','【医者楷模】他们是术精岐黄，妙手仁心的这样几位医生','<p><span style=\"color: rgb(102, 102, 102); font-family: 微软雅黑; background-color: rgb(249, 249, 249);\">“术精岐黄 ，妙手仁心”是本期这四位医者楷模的共同特征。他们有被称作“值得托付健康的人”的郑立海医生；有被誉为“新生命的守护者”的郭继忠医生；有被赞为“喀什噶尔的大漠胡杨”的秦杰升医生；有“让陷入黑暗的患者重见光明”的肖斯贤医生。</span></p>',1552020804,1,1,50),(32,37,'【医者楷模】曹伟华：生命尽头的扶行者','','【医者楷模】曹伟华：生命尽头的扶行者','<p><span style=\"color: rgb(102, 102, 102); font-family: 微软雅黑; text-align: justify; background-color: rgb(249, 249, 249);\">曹伟华，主任医生，汕头大学医学院第一附属医院宁养院主任。作为副主编，先后协助基金会全国宁养办公室编写、出版了《姑息医学——晚期癌症的宁养疗护》及《纾缓医学——晚期肿瘤的宁养疗护》，努力推广纾缓医学的服务理念和服务模式，推动纾缓医学学科建设发展。2015年，曹主任被全国宁养办公室聘为评估专家，参加全国宁养院现场评估及指导工作，进一步推动宁养医疗服务规范化、专业化。</span></p>',1552020829,1,1,50),(33,37,'【医者楷模】王潇：“你若不愿离去，我又怎','','【医者楷模】王潇：“你若不愿离去，我又怎敢放弃”','<p><span style=\"color: rgb(102, 102, 102); font-family: 微软雅黑; background-color: rgb(249, 249, 249);\">&nbsp; &nbsp; 王潇，武汉亚洲心脏病医院心外科医生，曾获中国医师协会心血管外科医师分会“优秀青年医师”称号，是武汉市青年医师协会副主委。擅长先心病、瓣膜病、冠心病、心脏大血管疾病等手术治疗，共参与各类心脏外科手术5000余例。2015年12月，武汉亚洲心脏病医院与汕头大学医学院第一附属医院合作共建了粤东地区最大的心脏外科中心——联合心脏外科中心。王潇作为武汉亚心医院心外科的技术骨干，从武汉调到汕头担任中心副主任，带领联合心脏外科中心手术团队为粤东心脏病患者服务。</span></p>',1552020845,1,1,50),(34,37,'骨折的微创治疗','','骨折的微创治疗','<p><span style=\"color: rgb(102, 102, 102); font-family: 微软雅黑; background-color: rgb(249, 249, 249);\">&nbsp; 随着医疗技术的发展，骨科微创治疗成为了一种治疗趋势。传统的钢板内固定手术主要强调骨折固定的稳定性，骨的生物学因素常被忽视。通常手术切口大、暴露范围广、骨折端血供破坏严重。由于不符合骨折生物学固定的原则，骨折延迟愈合和骨不连等的发生率较高。CH.Krettek etal.1997提出微创外科技术及桥接接骨板技术的概念，其核心是避免直接暴露骨折端，维持适当稳定的固定，最大程度地保护骨断及其周围的血供，为骨折愈合提供良好的生物环境。</span><br/><span style=\"color: rgb(102, 102, 102); font-family: 微软雅黑; background-color: rgb(249, 249, 249);\">&nbsp;&nbsp;&nbsp;&nbsp;&nbsp; 近年来汕头大学医学院第一附属医院骨科已开展了大量应用微创技术治疗四肢骨折手术，技术非常成熟，目前我科已常规开展的微创技术治疗骨折包括：成人肱骨近端骨折、股骨颈骨折、股骨粗隆间骨折、股骨髁上骨折、胫骨平台骨折、胫骨干骨折，小儿四肢长管骨骨折等。</span><br/><span style=\"color: rgb(102, 102, 102); font-family: 微软雅黑; background-color: rgb(249, 249, 249);\">&nbsp;&nbsp;&nbsp;&nbsp;&nbsp; 我科常规开展经皮椎体成形术，经皮通过椎弓根或椎弓根外向椎体内注入骨水泥以达到增加椎体强度和稳定性，防止塌陷，缓解疼痛，甚至部分恢复椎体高度为目的。该技术对于老年骨质疏松性</span></p>',1552020866,1,1,50),(35,34,'学习雷锋 志愿随行——全科医学分院参加','/uploadimages/0308131717.jpg','学习雷锋 志愿随行——全科医学分院参加一系列雷锋月活动','<p style=\"margin-top: 0px; margin-bottom: 0px; padding: 0px; outline: none; color: rgb(102, 102, 102); font-family: 微软雅黑; font-size: 14px; white-space: normal; background-color: rgb(249, 249, 249); text-align: justify; text-indent: 24pt; line-height: 21px;\"><span style=\"line-height: 2em;\"><span style=\"font-size: 16px;\"><span style=\"color: black;\">2019年3月5</span>日是第56个学雷锋纪念日，为弘扬“雷锋精神”，积极培育和践行社会主义核心价值观，发挥党团员的先锋模范作用，全科医学分院举办、参加一系列学雷锋活动。</span></span></p><p style=\"margin-top: 0px; margin-bottom: 0px; padding: 0px; outline: none; color: rgb(102, 102, 102); font-family: 微软雅黑; font-size: 14px; white-space: normal; background-color: rgb(249, 249, 249); text-align: center;\"><span style=\"line-height: 2em;\"><span style=\"font-size: 16px;\"><strong><span style=\"color: black;\">关爱儿童身体健康 防治家庭意外伤害</span></strong></span></span></p><p style=\"margin-top: 0px; margin-bottom: 0px; padding: 0px; outline: none; color: rgb(102, 102, 102); font-family: 微软雅黑; font-size: 14px; white-space: normal; background-color: rgb(249, 249, 249); text-align: justify; text-indent: 24pt; line-height: 21px;\"><span style=\"line-height: 2em;\"><span style=\"font-size: 16px;\"><span style=\"color: black;\">3月2日，全科医学分院儿保团队联合汕头市金平区岐山街道社区卫生服务中心走进华新第一幼儿园，为100</span>多名家长及幼师举办儿童常见意外伤害现场处理讲座。</span><br/><span style=\"font-size: 16px;\"><span style=\"color: black;\">&nbsp;&nbsp;&nbsp;&nbsp;&nbsp; 全科医学分院黄周红医生以《儿童常见意外伤害现场处理》为题向家长们传授儿童常见意外正确的应对措施和处理方法。参与活动的家长们对此次讲座给予高度的评价，华新幼儿园林园长说：家长、老师学习意外伤害现场处理知识，掌握常见急救技术，社会就多了一个危急时刻的天使，希望家长、老师都可以学以致用。岐山街道社区卫生服务中心的林主任也对此次活动给予了高度评价，同时表达了希望以后加强合作，继续开展相关活动的期望。</span></span></span></p><p style=\"margin-top: 0px; margin-bottom: 0px; padding: 0px; outline: none; color: rgb(102, 102, 102); font-family: 微软雅黑; font-size: 14px; white-space: normal; text-align: center; line-height: 21px; background: none 0% 0% repeat scroll white;\"><span style=\"line-height: 2em;\"><strong><span style=\"font-size: 16px;\"><span style=\"background-image: initial; background-position: initial; background-size: initial; background-repeat: initial; background-attachment: initial; background-origin: initial; background-clip: initial;\"><span style=\"color: black;\">弘扬雷锋精神 践行志愿服务</span></span></span></strong></span></p><p style=\"margin-top: 0px; margin-bottom: 0px; padding: 0px; outline: none; color: rgb(102, 102, 102); font-family: 微软雅黑; font-size: 14px; white-space: normal; background-color: rgb(249, 249, 249);\"><span style=\"line-height: 2em;\"><span style=\"font-size: 16px;\"><span style=\"background: white;\"><span style=\"color: black;\">&nbsp;&nbsp;&nbsp;&nbsp;&nbsp; 3月3日上午，团市委、市文明办举办2019年汕头市学雷锋志愿服务广场暨志愿工作提质升级动员大会，全科医学分院在汕大附一院的带领下参与活动，并在现场为市民测量血压、血糖，提供用药咨询等，获得现场群众的广泛赞誉。</span></span></span></span></p><p style=\"margin-top: 0px; margin-bottom: 0px; padding: 0px; outline: none; color: rgb(102, 102, 102); font-family: 微软雅黑; font-size: 14px; white-space: normal; background-color: rgb(249, 249, 249); text-align: center; text-indent: 28.1pt; line-height: 21px;\"><span style=\"line-height: 2em;\"><strong><span style=\"font-size: 16px;\"><span style=\"color: black;\">学习雷锋精神 开展志愿服务</span></span></strong></span></p><p style=\"margin-top: 0px; margin-bottom: 0px; padding: 0px; outline: none; color: rgb(102, 102, 102); font-family: 微软雅黑; font-size: 14px; white-space: normal; background-color: rgb(249, 249, 249); text-align: justify; text-indent: 24pt; line-height: 21px;\"><span style=\"line-height: 2em;\"><span style=\"font-size: 16px;\"><span style=\"color: black;\">3月4日上午，全科医学分院急救培训队应邀参加</span><span style=\"color: black;\">金砂街道社区卫生服务中心&quot;弘扬雷锋精神，参与志愿服务&quot;</span>主题宣传活动。<br/>&nbsp;&nbsp;&nbsp;&nbsp;&nbsp;&nbsp;<span style=\"color: black;\">全科医学分院陈秋弟院长助理等利用人体模型，现场为辖区居民进行操作演示，</span><span style=\"color: black;\">让广大居民真实感受心肺复苏急救技术，提高居民的急救避险意识和互救自救能力，使他们在遇到如心脏骤停、溺水等情况能进行及时地自我施救。</span></span></span></p><p style=\"margin-top: 0px; margin-bottom: 0px; padding: 0px; outline: none; color: rgb(102, 102, 102); font-family: 微软雅黑; font-size: 14px; white-space: normal; background-color: rgb(249, 249, 249); text-align: right;\"><span style=\"line-height: 2em;\"><span style=\"font-size: 16px;\"><span style=\"color: black;\">（全科医学分院综合办公室）</span></span></span></p><p style=\"margin-top: 0px; margin-bottom: 0px; padding: 0px; outline: none; color: rgb(102, 102, 102); font-family: 微软雅黑; font-size: 14px; white-space: normal; background-color: rgb(249, 249, 249); text-align: center;\"><span style=\"line-height: 2em;\"><span style=\"font-size: 16px;\"><span style=\"color: black;\"></span></span></span></p><p><br/></p>',1557115870,1,2,50),(36,34,'弘扬雷锋精神 践行志愿服务','/uploadimages/0308131736.jpg','弘扬雷锋精神 践行志愿服务','<p><span style=\"color: rgb(102, 102, 102); font-family: 微软雅黑; text-align: justify; background-color: rgb(249, 249, 249);\">2019年3月5日是第56个学雷锋纪念日，同时是第20个中国青年志愿者服务日，为认真贯彻落实党的十九大及全市创文提质升级再动员大会精神，3月3日上午，我院参加由团市委、市文明办举办的2019年汕头市学雷锋志愿服务广场暨志愿工作提质升级动员大会。尽管细雨绵绵，但挡不住我院志愿者的高涨热情，急诊科 “全为生命”急救培训队、静脉用药调配中心志愿者服务队及各临床科室志愿者共30余人参加此次活动。</span><br/><span style=\"color: rgb(102, 102, 102); font-family: 微软雅黑; text-align: justify; background-color: rgb(249, 249, 249);\">&nbsp;&nbsp;&nbsp;&nbsp;&nbsp; 活动上，市委宣传部常务副部长、市文明办主任陈桂源同志为我院参加文明交通志愿服务的志愿者代表授旗。作为我市优秀志愿服务项目，急诊科“全为生命”急救培训队在时代广场进行项目展示，5位培训导师齐上阵，为群众们讲授现场急救的意义和重要性，并现场演示了心肺复苏术及海姆立克急救法操作手法、要点；静脉用药调配中心志愿者们为市民们测量血压、血糖，提供合理用药指导，获得现场群众的广泛赞誉。</span><br/><span style=\"color: rgb(102, 102, 102); font-family: 微软雅黑; text-align: justify; background-color: rgb(249, 249, 249);\">&nbsp;&nbsp;&nbsp;&nbsp;&nbsp; 雷锋精神是中华民族传统美德的一种积淀，是一种随着时代进步而不断发展的与时俱进的精神。我院积极组织动员医务人员参与志愿服务活动，把弘扬雷锋精神与塑造医疗行业形象结合起来，以实际行动向雷锋同志学习，展现了我院医务人员的高尚品质，积极传递了医疗卫生正能量！</span></p>',1557115899,1,2,50),(37,39,'2018-25中标公示','','2018-25中标公示','<p><span style=\"color: rgb(102, 102, 102); font-family: 微软雅黑; font-size: 14px; background-color: rgb(249, 249, 249); line-height: 2em;\"><span style=\"font-size: 16px;\">&nbsp; &nbsp; &nbsp;本院已对2018-25标进行公开招标。经我院评标小组对各参投单位投标文件进行公平、公正评审后，以下公司中标。现将中标结果予以公示。如有异议者，请在本公示公布之日起3个工作日内，以书面形式，向本院纪检监察科反映。公示期满后请中标公司到我院签订供货合同。<br/>&nbsp;</span></span><br/></p><table width=\"504\"><tbody><tr class=\"firstRow\"><td style=\"margin: 0px; padding: 0px; outline: none;\" width=\"66\"><span style=\"line-height: 2em;\"><span style=\"font-size: 16px;\"><strong>标号</strong></span></span></td><td style=\"margin: 0px; padding: 0px; outline: none;\" width=\"198\"><span style=\"line-height: 2em;\"><span style=\"font-size: 16px;\"><strong>设备名称</strong></span></span></td><td style=\"margin: 0px; padding: 0px; outline: none;\" width=\"240\"><span style=\"line-height: 2em;\"><span style=\"font-size: 16px;\"><strong>中标单位</strong></span></span></td></tr><tr><td rowspan=\"4\" style=\"margin: 0px; padding: 0px; outline: none;\" width=\"66\"><span style=\"line-height: 2em;\"><span style=\"font-size: 16px;\">2018-25</span></span></td><td style=\"margin: 0px; padding: 0px; outline: none;\" width=\"198\"><span style=\"line-height: 2em;\"><span style=\"font-size: 16px;\">单路振动排痰机</span></span></td><td style=\"margin: 0px; padding: 0px; outline: none;\" width=\"240\"><span style=\"line-height: 2em;\"><span style=\"font-size: 16px;\">汕头市新慧科技有限公司</span></span></td></tr><tr><td style=\"margin: 0px; padding: 0px; outline: none;\" width=\"198\"><span style=\"line-height: 2em;\"><span style=\"font-size: 16px;\">电动超声诊床</span></span></td><td style=\"margin: 0px; padding: 0px; outline: none;\" width=\"240\"><span style=\"line-height: 2em;\"><span style=\"font-size: 16px;\">汕头市港湾贸易有限公司</span></span></td></tr><tr><td style=\"margin: 0px; padding: 0px; outline: none;\" width=\"198\"><span style=\"line-height: 2em;\"><span style=\"font-size: 16px;\">婴儿培养箱</span></span></td><td style=\"margin: 0px; padding: 0px; outline: none;\" width=\"240\"><span style=\"line-height: 2em;\"><span style=\"font-size: 16px;\">汕头市正天药业有限公司</span></span></td></tr><tr><td style=\"margin: 0px; padding: 0px; outline: none;\" width=\"198\"><span style=\"line-height: 2em;\"><span style=\"font-size: 16px;\">婴幼儿经皮胆红素测定仪（经皮黄疸仪）</span></span></td><td style=\"margin: 0px; padding: 0px; outline: none;\" width=\"240\"><span style=\"line-height: 2em;\"><span style=\"font-size: 16px;\">汕头市博纳特医疗器械有限公司</span></span></td></tr></tbody></table><p><span style=\"color: rgb(102, 102, 102); font-family: 微软雅黑; font-size: 14px; background-color: rgb(249, 249, 249); line-height: 2em;\"><span style=\"font-size: 16px;\">&nbsp;</span></span><br/></p><p><span style=\"line-height: 2em;\"><span style=\"font-size: 16px;\">汕头大学医学院第一附属医院<br/>2018.12.11</span></span></p><p><br/></p>',1556936267,1,1,50),(38,39,'2018-24中标公示','','2018-24中标公示','<p><span style=\"line-height: 2em;\"><span style=\"font-size: 16px;\">&nbsp;<strong>汕头大学医学院第一附属医院<br/>2018-24</strong><strong>中标公示</strong></span></span><br/>&nbsp;</p><p><span style=\"color: rgb(102, 102, 102); font-family: 微软雅黑; font-size: 14px; background-color: rgb(249, 249, 249); line-height: 2em;\"><span style=\"font-size: 16px;\">&nbsp;<br/>&nbsp;&nbsp;&nbsp;&nbsp;&nbsp;&nbsp;&nbsp; 本院已对2018-24标进行公开招标。经我院评标小组对各参投单位投标文件进行公平、公正评审后，以下公司中标。现将中标结果予以公示。如有异议者，请在本公示公布之日起3个工作日内，以书面形式，向本院纪检监察科反映。公示期满后请中标公司到我院签订供货合同。<br/>&nbsp;</span></span><br/></p><table width=\"504\"><tbody><tr class=\"firstRow\"><td style=\"margin: 0px; padding: 0px; outline: none;\" width=\"66\"><span style=\"line-height: 2em;\"><span style=\"font-size: 16px;\"><strong>标号</strong></span></span></td><td style=\"margin: 0px; padding: 0px; outline: none;\" width=\"198\"><span style=\"line-height: 2em;\"><span style=\"font-size: 16px;\"><strong>设备名称</strong></span></span></td><td style=\"margin: 0px; padding: 0px; outline: none;\" width=\"240\"><span style=\"line-height: 2em;\"><span style=\"font-size: 16px;\"><strong>中标单位</strong></span></span></td></tr><tr><td rowspan=\"2\" style=\"margin: 0px; padding: 0px; outline: none;\" width=\"66\"><span style=\"line-height: 2em;\"><span style=\"font-size: 16px;\">2018-24</span></span></td><td style=\"margin: 0px; padding: 0px; outline: none;\" width=\"198\"><span style=\"line-height: 2em;\"><span style=\"font-size: 16px;\">X射线防辐射衣</span></span></td><td style=\"margin: 0px; padding: 0px; outline: none;\" width=\"240\"><span style=\"line-height: 2em;\"><span style=\"font-size: 16px;\">广东华创医疗器械有限公司</span></span></td></tr><tr><td style=\"margin: 0px; padding: 0px; outline: none;\" width=\"198\"><span style=\"line-height: 2em;\"><span style=\"font-size: 16px;\">除颤监护仪</span></span></td><td style=\"margin: 0px; padding: 0px; outline: none;\" width=\"240\"><span style=\"line-height: 2em;\"><span style=\"font-size: 16px;\">上药控股汕头有限公司</span></span></td></tr></tbody></table><p><span style=\"color: rgb(102, 102, 102); font-family: 微软雅黑; font-size: 14px; background-color: rgb(249, 249, 249); line-height: 2em;\"><span style=\"font-size: 16px;\">&nbsp;</span></span><span style=\"color: rgb(102, 102, 102); font-family: 微软雅黑; font-size: 14px; background-color: rgb(249, 249, 249);\"></span></p><p><span style=\"line-height: 2em;\"><span style=\"font-size: 16px;\">汕头大学医学院第一附属医院<br/>2018.12.1</span></span></p><p><br/></p>',1552032428,1,1,50),(40,24,'医学院谭学瑞院长莅临精神卫生中心调研','/uploadimages/0503213606.jpg','医学院谭学瑞院长莅临精神卫生中心调研','<p><span style=\"color: rgb(76, 76, 76); font-family: Arial, Helvetica, sans-serif; font-size: 12px; text-align: justify; text-indent: 24px; background-color: rgb(255, 255, 255);\">3月21日上午，医学院谭学瑞院长在科研处张建军处长的陪同下莅临精神卫生中心调研，医院领导班子成员、职能科室负责人参加调研会。</span><img src=\"/image/20190503/6369251611146384167159652.jpg\" title=\"1668523892_.jpg\" alt=\"1668523892_.jpg\"/></p><p><span style=\"color: rgb(76, 76, 76); font-family: Arial, Helvetica, sans-serif; font-size: 12px; text-align: justify; text-indent: 24px; background-color: rgb(255, 255, 255);\">会上，黄庆军主任向谭院长介绍了中心的概况，重点汇报中心打造粤东精神卫生高地的“十三五”规划、以及学科建设和人才培养等方面内容。</span></p><p><img src=\"/image/20190503/6369251613452934974783013.jpg\" title=\"P1090021_.jpg\" alt=\"P1090021_.jpg\"/></p><p><span style=\"color: rgb(76, 76, 76); font-family: Arial, Helvetica, sans-serif; font-size: 12px; text-align: justify; text-indent: 24px; background-color: rgb(255, 255, 255);\">谭院长在听取汇报后，对中心的各项工作表示肯定，他指出，精神卫生中心历史悠久、专科影响力强、社会效益好，是一张靓丽的名片，并用“早、优、细、特、实”五字赞赏了中心在“四化”管理模式、社区模式、人才培养、科研平台建设等方面做出的成绩，指出中心“十三五”规划方向正确，符合上级的战略政策，精神科医生培训中心及睡眠医学中心的建设异军突起，建议中心要进一步总结、提炼、推广，加大宣传力度，把专科特色更好地发扬光大。谭院长还表示，将为附属医院的发展做好沟通与服务工作，共同推进医院的更好更快发展。</span></p><p><span style=\"color: rgb(76, 76, 76); font-family: Arial, Helvetica, sans-serif; font-size: 12px; text-align: justify; text-indent: 24px; background-color: rgb(255, 255, 255);\"><img src=\"/image/20190503/6369251614928215552327456.jpg\" title=\"P1090024_.jpg\" alt=\"P1090024_.jpg\"/></span></p><p><span style=\"color: rgb(76, 76, 76); font-family: Arial, Helvetica, sans-serif; font-size: 12px; text-align: justify; text-indent: 24px; background-color: rgb(255, 255, 255);\"><span style=\"color: rgb(76, 76, 76); font-family: Arial, Helvetica, sans-serif; font-size: 12px; text-align: justify; text-indent: 24px; background-color: rgb(255, 255, 255);\">蔡桂生书记、黄庆军主任对谭院长的莅院调研及指导表示感谢，并表示医院将认真落实调研指导意见，进一步提炼总结，不惧艰难，为实现医院“十三五”规划，打造粤东西北地区精神卫生高地奋力拼搏。（办公室）</span></span></p><p><span style=\"color: rgb(76, 76, 76); font-family: Arial, Helvetica, sans-serif; font-size: 12px; text-align: justify; text-indent: 24px; background-color: rgb(255, 255, 255);\"><span style=\"color: rgb(76, 76, 76); font-family: Arial, Helvetica, sans-serif; font-size: 12px; text-align: justify; text-indent: 24px; background-color: rgb(255, 255, 255);\"><img src=\"/image/20190503/6369251616404093492471630.jpg\" title=\"P1090028_.jpg\" alt=\"P1090028_.jpg\"/></span></span></p>',1556890566,1,2,50),(41,24,'不忘初心20载，医者德技暖人心','/uploadimages/0503213827.jpg','不忘初心20载，医者德技暖人心','<p style=\"margin-top: 0px; margin-bottom: 0px; padding: 0px; vertical-align: baseline; text-align: justify; font-size: 12px; color: rgb(76, 76, 76); font-family: Arial, Helvetica, sans-serif; text-indent: 24px; white-space: normal; background-color: rgb(255, 255, 255);\">随着社会的发展及医疗卫生体制的改革完善，医院已成为社会关注的热点和焦点，在医患关系较为紧张的今天，精神卫生中心始终秉承“一切为了病人”的初心，谱写医患和弦，为社会带来温暖，为医患传递正能量。</p><p style=\"margin-top: 0px; margin-bottom: 0px; padding: 0px; vertical-align: baseline; text-align: justify; font-size: 12px; color: rgb(76, 76, 76); font-family: Arial, Helvetica, sans-serif; text-indent: 24px; white-space: normal; background-color: rgb(255, 255, 255);\">3月5日上午，患者廖姨的儿子彭某代表母亲，冒着大雨将一面绣有“医德高尚，医术精湛”的锦旗送到精神卫生中心蔡桂生书记及朱少毅主任医师的手中，他说，这是母亲的心愿，并转达了母亲对朱医生20年来的仁心仁德的感恩，及对医院秉持初心的感谢。</p><p><img src=\"/image/20190503/6369251628718469776482474.jpg\" title=\"1668508497_.jpg\" alt=\"1668508497_.jpg\"/></p><p style=\"margin-top: 0px; margin-bottom: 0px; padding: 0px; vertical-align: baseline; text-align: justify; font-size: 12px; color: rgb(76, 76, 76); font-family: Arial, Helvetica, sans-serif; text-indent: 24px; white-space: normal; background-color: rgb(255, 255, 255);\">据悉，患者廖姨今年73岁，1990年于当地医院接受治疗效果欠佳后转至本院，确诊为精神分裂症。在每次病情好转出院后，均因廖姨不肯坚持服药而导致病情反复，1997年4月，廖姨第四次送院治疗并由朱少毅主任接诊，朱主任以多年的临床经验及医者仁心，使廖姨的病情得到了显著的疗效，在廖姨配合及朱主任多年的悉心治疗下，此后20载廖姨未再入院，如今生活已基本能够自理。</p><p style=\"margin-top: 0px; margin-bottom: 0px; padding: 0px; vertical-align: baseline; text-align: justify; font-size: 12px; color: rgb(76, 76, 76); font-family: Arial, Helvetica, sans-serif; text-indent: 24px; white-space: normal; background-color: rgb(255, 255, 255);\">面对家属的信赖和肯定，蔡桂生书记代表院领导表示感谢，并强调，为患者提供优质的服务是医护人员的义务与职责，多年来精神卫生中心在不断提高医疗水平的同时，亦高度重视医患关系，促使我院医患关系融洽，医德医风氛围良好。蔡书记表示，医院将一如既往，以初心、以高水平的技术为患者提供优质的服务，以仁心仁德为患者铸造心灵的家园。（办公室）</p><p><img src=\"/image/20190503/6369251629938116819392670.jpg\" title=\"1668508499_.jpg\" alt=\"1668508499_.jpg\"/></p>',1556890707,1,2,50),(42,22,'精神卫生中心举行党总支理论学习中心组学习','/uploadimages/0503214104.jpg','精神卫生中心举行党总支理论学习中心组学习（扩大）会','<p><span style=\"color: rgb(76, 76, 76); font-family: Arial, Helvetica, sans-serif; font-size: 12px; text-align: justify; text-indent: 24px; background-color: rgb(255, 255, 255);\">4月3日下午，精神卫生中心举行党总支理论学习中心组学习（扩大）会，医院党政领导班子成员，各党支部书记、委员，全体中层以上干部参加学习。会议由中心黄庆军主任主持。</span></p><p><img src=\"/image/20190503/6369251642084970559932781.jpg\" title=\"P1090128_.jpg\" alt=\"P1090128_.jpg\"/></p><p><span style=\"color: rgb(76, 76, 76); font-family: Arial, Helvetica, sans-serif; font-size: 12px; text-align: justify; text-indent: 24px; background-color: rgb(255, 255, 255);\">会上，中心党总支蔡桂生书记作《学习领会习近平总书记2019全国两会重要讲话精神》专题辅导，围绕习近平总书记在今年两会期间六下代表团组，对文化文艺工作和哲学社会科学工作、生态环境保护、脱贫攻坚、乡村振兴、创新创业、军队建设等重大问题发表重要讲话精神，阐述了总书记就推动我国高质量发展各方面的重要工作进行的精准部署，为我们做好各方面工作、完成今年各项目标任务，提供了重要遵循。</span></p><p><img src=\"/image/20190503/6369251646077159436114276.jpg\" title=\"P1090147_.jpg\" alt=\"P1090147_.jpg\"/></p><p><span style=\"color: rgb(76, 76, 76); font-family: Arial, Helvetica, sans-serif; font-size: 12px; text-align: justify; text-indent: 24px; background-color: rgb(255, 255, 255);\">会议最后，蔡书记要求全体干部职工要把握时代前进的脉搏，登高望远、居安思危，勇于变革、勇于创新，答好时代给出的考卷。最后他要求以习近平总书记重要讲话为指导，继续深入学习领会两会精神，并把理论与实际相结合，为医院“十三五”规划的落实提供更大助力。（办公室）</span></p>',1556890864,1,2,50),(43,22,'转载：叮咚！扫黑除恶实例漫画来了，注意','/uploadimages/0503214524.jpg','转载：叮咚！扫黑除恶实例漫画来了，请您注意查收！','<p><img src=\"/image/20190503/6369251669223293939741700.jpg\" title=\"1(7) (2).jpg\" alt=\"1(7) (2).jpg\"/><img src=\"/image/20190503/6369251670312102675617054.jpg\" title=\"2(5) (1).jpg\" alt=\"2(5) (1).jpg\"/><img src=\"/image/20190503/6369251671675371161198126.jpg\" title=\"3(5).jpg\" alt=\"3(5).jpg\"/><img src=\"/image/20190503/6369251672170248921716066.jpg\" title=\"5(3).jpg\" alt=\"5(3).jpg\"/></p>',1557112922,1,2,50),(44,24,'东西方联盟睡眠医学论坛暨第一届中国','/uploadimages/0503215058.jpg','东西方联盟睡眠医学论坛暨第一届中国-以色列睡眠医学国际研讨会在汕头大学举办','<p style=\"margin-top: 0px; margin-bottom: 0px; padding: 0px; vertical-align: baseline; text-align: justify; font-size: 12px; color: rgb(76, 76, 76); font-family: Arial, Helvetica, sans-serif; text-indent: 24px; white-space: normal; background-color: rgb(255, 255, 255);\">2018年11月8-10日，东-西方联盟睡眠医学论坛暨第一届中国-以色列睡眠医学国际研讨会在汕头大学举行。本次会议由汕头大学医学院、以色列理工大学、中国睡眠研究会和汕头大学精神卫生中心主办，汕头大学医学院睡眠医学中心和广东以色列理工学院承办，会场设于汕头大学及广东以色列理工学院内。</p><p style=\"margin-top: 0px; margin-bottom: 0px; padding: 0px; vertical-align: baseline; text-align: justify; font-size: 12px; color: rgb(76, 76, 76); font-family: Arial, Helvetica, sans-serif; text-indent: 24px; white-space: normal; background-color: rgb(255, 255, 255);\">9日上午，研讨会开幕式于广东以色列理工学院科报厅举行，出席开幕式的主要领导有汕头市副市长林依民、中国睡眠研究会理事长韩芳教授、以色列理工大学校长Peretz Lavie 教授、汕头大学副校长林丹明教授、李嘉诚基金会驻医学院顾问罗敏洁医生、汕头大学医学院执行院长边军辉教授、汕头大学精神卫生中心主任黄庆军教授等嘉宾出席。</p><p><img src=\"/image/20190503/6369251700100451254326213.jpg\" title=\"SX4A0161_(1).jpg\" alt=\"SX4A0161_(1).jpg\"/></p><p><span style=\"color: rgb(76, 76, 76); font-family: Arial, Helvetica, sans-serif; font-size: 12px; text-align: justify; text-indent: 24px; background-color: rgb(255, 255, 255);\">开幕式上，汕大医学院边军辉执行院长致开幕词，他代表主办方向各位专家学者表示欢迎，并简要介绍了汕大医学院、汕头大学精神卫生中心及汕大睡眠医学中心的情况。随后，林丹明副校长、Lavie 教授、韩芳教授分别代表汕头大学、以色列理工大学及中国睡眠研究会，对本次会议的举办表示祝贺与期盼；林依民副市长代表汕头市政府，感谢众多专家学者的到来，并表达了汕头市政府对人民健康的重视，他指出，睡眠是人民健康的重要组成部分，汕大医学院睡眠医学中心的成立为市民提供专业的睡眠专科服务，填补了我市本学科的空白，本次会议的举办对促进汕头乃至大粤东地区的睡眠医学普及和提高具有重要意义，希望专家学者献言献策，共同促进我市睡眠医学服务的发展。</span></p><p><span style=\"color: rgb(76, 76, 76); font-family: Arial, Helvetica, sans-serif; font-size: 12px; text-align: justify; text-indent: 24px; background-color: rgb(255, 255, 255);\"><img src=\"/image/20190503/6369251701610764468292878.jpg\" title=\"SX4A0432_.jpg\" alt=\"SX4A0432_.jpg\"/></span></p><p><span style=\"color: rgb(76, 76, 76); font-family: Arial, Helvetica, sans-serif; font-size: 12px; text-align: justify; text-indent: 24px; background-color: rgb(255, 255, 255);\"><span style=\"color: rgb(76, 76, 76); font-family: Arial, Helvetica, sans-serif; font-size: 12px; text-align: justify; text-indent: 24px; background-color: rgb(255, 255, 255);\">本次大会邀请众多海内外著名睡眠医学专家，以及全国各地、港澳地区的专家学者、海外留学生共250人参加，会议设有专题报告、睡眠专业技术培训、科研论文写作工作坊、病例秀比赛、教授分享座谈会等多种形式。本次论坛是我国首届睡眠医学论坛，是东西方睡眠医学的第一次碰撞，全面展示了近年来国际睡眠医学领域的最前沿学术成就和最有影响力的学术观点，极大地促进了我国睡眠医学的学术交流与发展；论坛的顺利举办，为我国睡眠医学与国际的交流对接提供了平台媒介，填补了我国睡眠学术领域的空白。</span><img src=\"/image/20190503/6369251703146308728699982.jpg\" title=\"initpintu_(1).jpg\" alt=\"initpintu_(1).jpg\"/></span></p><p><span style=\"color: rgb(76, 76, 76); font-family: Arial, Helvetica, sans-serif; font-size: 12px; text-align: justify; text-indent: 24px; background-color: rgb(255, 255, 255);\"><span style=\"color: rgb(76, 76, 76); font-family: Arial, Helvetica, sans-serif; font-size: 12px; text-align: justify; text-indent: 24px; background-color: rgb(255, 255, 255);\">汕头大学医学院睡眠医学中心，依托汕头大学医学院及汕头大学精神卫生中心建设，是粤东地区首家大规模，集科研、教学、医疗为一体的综合性睡眠障碍诊治和研究中心，由现任中国睡眠研究会青年委员、毕业于美国宾夕法尼亚州立大学的特聘教授李韵主持该睡眠医学中心的工作。该中心于2018年3月开业，主要收治各类睡眠障碍患者，如鼾症、失眠障碍、发作性睡病、睡眠呼吸障碍、不安腿综合征、周期性肢体运动障碍等，中心配备国际先进检测设备，拥有7间标准的睡眠检查室，提供多导睡眠监测、呼吸机治疗、药物及心理治疗、CBT-I等，开业至今已为近1300名患者提供指导与治疗。</span></span></p><p><span style=\"color: rgb(76, 76, 76); font-family: Arial, Helvetica, sans-serif; font-size: 12px; text-align: justify; text-indent: 24px; background-color: rgb(255, 255, 255);\"><span style=\"color: rgb(76, 76, 76); font-family: Arial, Helvetica, sans-serif; font-size: 12px; text-align: justify; text-indent: 24px; background-color: rgb(255, 255, 255);\"><img src=\"/image/20190503/6369251705607182924791297.jpg\" title=\"20181109_.jpg\" alt=\"20181109_.jpg\"/></span></span></p>',1556936285,1,2,50),(45,46,'心境界','/uploadimages/0503230237.jpg','心境界','<p>详情访问<a href=\"http://xjj.medlive.cn/\">http://xjj.medlive.cn/</a></p>',1556935639,1,1,50),(46,42,'汕头大学精神卫生中心简介2018','/uploadimages/0503231532.jpg','汕头大学精神卫生中心简介2018','<p><img src=\"/image/20190503/6369252212333357228973365.jpg\" title=\"filehelper_1538206598370_476.jpg\"/></p><p><img src=\"/image/20190503/6369252212333358084503515.jpg\" title=\"filehelper_1538206653898_33.jpg\"/></p><p><img src=\"/image/20190503/6369252212333358481364077.jpg\" title=\"filehelper_1538206519538_446.jpg\"/></p><p><img src=\"/image/20190503/6369252212352490869165507.jpg\" title=\"filehelper_1538206672585_805.jpg\"/></p><p><img src=\"/image/20190503/6369252212355931133188306.jpg\" title=\"filehelper_1538206704304_863.jpg\"/></p><p><img src=\"/image/20190503/6369252212366360859582100.jpg\" title=\"filehelper_1538206747417_442.jpg\"/></p><p><img src=\"/image/20190503/6369252212366615904628035.jpg\" title=\"filehelper_1538206731082_609.jpg\"/></p><p><img src=\"/image/20190503/6369252212373627951705605.jpg\" title=\"filehelper_1538206767298_74.jpg\"/></p><p><img src=\"/image/20190503/6369252212379666474012499.jpg\" title=\"filehelper_1538206784489_391.jpg\"/></p><p><img src=\"/image/20190503/6369252212381223603981235.jpg\" title=\"filehelper_1538206800580_49.jpg\"/></p><p><img src=\"/image/20190503/6369252212386455864256706.jpg\" title=\"filehelper_1538206847785_306.jpg\"/></p><p><img src=\"/image/20190503/6369252212392659397438557.jpg\" title=\"filehelper_1538206877128_446.jpg\"/></p><p><img src=\"/image/20190503/6369252212396512881782323.jpg\" title=\"filehelper_1538206910502_957.jpg\"/></p><p><img src=\"/image/20190503/6369252212402320159405151.jpg\" title=\"filehelper_1538206931018_860.jpg\"/></p><p><img src=\"/image/20190503/6369252212412413411324264.jpg\" title=\"filehelper_1538206949515_551.jpg\"/></p><p><img src=\"/image/20190503/6369252212415327846826172.jpg\" title=\"filehelper_1538207033773_328.jpg\"/></p><p><img src=\"/image/20190503/6369252212414836348168868.jpg\" title=\"filehelper_1538207017561_538.jpg\"/></p><p><img src=\"/image/20190503/6369252212426138998932274.jpg\" title=\"filehelper_1538207050794_81.jpg\"/></p><p><img src=\"/image/20190503/6369252212437999829057651.jpg\" title=\"filehelper_1538207087601_933.jpg\"/></p><p><img src=\"/image/20190503/6369252212436326343461708.jpg\" title=\"filehelper_1538207068433_466.jpg\"/></p><p><img src=\"/image/20190503/6369252212443641647264203.jpg\" title=\"filehelper_1538207107002_143.jpg\"/></p><p><img src=\"/image/20190503/6369252212452188847162498.jpg\" title=\"filehelper_1538207190970_804.jpg\"/></p><p><img src=\"/image/20190503/6369252212452885698241271.jpg\" title=\"filehelper_1538207190981_612.jpg\"/></p><p><img src=\"/image/20190503/6369252212457382983106317.jpg\" title=\"filehelper_1538207191003_457.jpg\"/></p><p><img src=\"/image/20190503/6369252212468389765662895.jpg\" title=\"filehelper_1538207191016_53.jpg\"/></p><p><img src=\"/image/20190503/6369252212476385255094488.jpg\" title=\"filehelper_1538207260139_187.jpg\"/></p><p><img src=\"/image/20190503/6369252212483732509173208.jpg\" title=\"filehelper_1538207260150_295.jpg\"/></p><p><img src=\"/image/20190503/6369252212484965966861109.jpg\" title=\"filehelper_1538207260162_122.jpg\"/></p><p><img src=\"/image/20190503/6369252212489056978701460.jpg\" title=\"filehelper_1538207260173_948.jpg\"/></p><p><img src=\"/image/20190503/6369252212494635058412221.jpg\" title=\"filehelper_1538207314578_145.jpg\"/></p><p><img src=\"/image/20190503/6369252212499231297273289.jpg\" title=\"filehelper_1538207314599_134.jpg\"/></p><p><img src=\"/image/20190503/6369252212504403777453762.jpg\" title=\"filehelper_1538207314611_291.jpg\"/></p><p><br/></p>',1556896532,1,1,50),(47,43,'医院相关证件','/uploadimages/0503231710.jpg','医院相关证件','<p><img src=\"/image/20190503/6369252222307662873550186.jpg\" title=\"001_.jpg\" alt=\"001_.jpg\"/><img src=\"/image/20190503/6369252222671671547908175.jpg\" title=\"3zh1.jpg\" alt=\"3zh1.jpg\" width=\"773\" height=\"563\"/></p>',1556897165,1,1,50);
INSERT INTO `hm_article` VALUES (48,44,'成立历史介绍','','成立历史介绍','<p><br/></p><p><img src=\"/image/20190503/6369252257040282122645053.jpg\" title=\"1(9)(1).jpg\" alt=\"1(9)(1).jpg\" width=\"874\" height=\"419\"/></p><p><span style=\"margin: 0px; padding: 0px; font-size: 12pt; color: black;\"><span style=\"margin: 0px; padding: 0px; font-size: 12pt;\">&nbsp;</span></span></p><p>汕头大学精神卫生中心是由李嘉诚先生捐建、我国著名精神医学家伍正谊教授主持创办的集医疗、教学、科研于一体的精神卫生机构，以高度人文关怀理念为核心的“建筑园林化、管理开放化、生活家庭化、治疗综合化”的医院管理模式，被国内专家誉为我国“二十一世纪精神病院发展模式的雏形”。医院成立于1987年10月，现占地面积42.3亩，总建筑面积14383平方米，设置病床300张，包括四个病区，配套市区门诊部、心理咨询中心、康复科及精神卫生研究所（汕头大学医学院-加拿大曼尼托巴大学医学院生物精神病学联合实验室）等。目前医院已被广东省卫计委纳入三级精神病专科医院规划建设。</p><p><span style=\"margin: 0px; padding: 0px; font-size: 12pt; color: black;\"><span style=\"margin: 0px; padding: 0px; font-size: 12pt;\"><span style=\"margin: 0px; padding: 0px; font-size: 12px;\"><span style=\"margin: 0px; padding: 0px; font-size: x-small;\"><span style=\"margin: 0px; padding: 0px; font-size: 12px; font-family: arial;\">&nbsp;</span></span></span></span></span></p><p><span style=\"margin: 0px; padding: 0px; font-size: 12pt; color: black;\"><span style=\"margin: 0px; padding: 0px; font-size: 12pt;\"><span style=\"margin: 0px; padding: 0px; font-size: small;\"><span style=\"margin: 0px; padding: 0px; font-size: 12px;\">医院综合实力名列国内同行前列：</span></span><span style=\"margin: 0px; padding: 0px; font-size: 12pt;\"></span></span></span></p><p style=\"margin-top: 0px; margin-bottom: 0px; padding: 0px; vertical-align: baseline; text-align: left;\">&nbsp;</p><p><span style=\"margin: 0px; padding: 0px; font-size: 12pt; color: black;\"><span style=\"margin: 0px; padding: 0px; font-size: 12pt;\"><span style=\"margin: 0px; padding: 0px; font-size: 12pt;\"></span></span></span></p><p style=\"margin-top: 0px; margin-bottom: 0px; padding: 0px; vertical-align: baseline; text-align: left;\"><span style=\"margin: 0px; padding: 0px; font-size: 12pt; color: black;\"><span style=\"margin: 0px; padding: 0px; font-size: 12pt;\"><span style=\"margin: 0px; padding: 0px; font-size: 12pt;\"><span style=\"margin: 0px; padding: 0px; font-size: small;\"><span style=\"margin: 0px; padding: 0px; font-size: 12px;\">* 汕大医学院精神病与精神卫生学博士点(2011年)</span></span></span></span></span></p><p><span style=\"margin: 0px; padding: 0px; font-size: 12pt; color: black;\"><span style=\"margin: 0px; padding: 0px; font-size: 12pt;\"><span style=\"margin: 0px; padding: 0px; font-size: 12pt;\"></span></span></span></p><p style=\"margin-top: 0px; margin-bottom: 0px; padding: 0px; vertical-align: baseline; text-align: left;\"><span style=\"margin: 0px; padding: 0px; font-size: 12pt; color: black;\"><span style=\"margin: 0px; padding: 0px; font-size: 12pt;\"><span style=\"margin: 0px; padding: 0px; font-size: 12pt;\"><span style=\"margin: 0px; padding: 0px; font-size: small;\"><span style=\"margin: 0px; padding: 0px; font-size: 12px;\">* 广东省“十一五”医学特色专科(2008年)</span></span></span></span></span></p><p><span style=\"margin: 0px; padding: 0px; font-size: 12pt; color: black;\"><span style=\"margin: 0px; padding: 0px; font-size: 12pt;\"><span style=\"margin: 0px; padding: 0px; font-size: 12pt;\"></span></span></span></p><p style=\"margin-top: 0px; margin-bottom: 0px; padding: 0px; vertical-align: baseline; text-align: left;\"><span style=\"margin: 0px; padding: 0px; font-size: 12pt; color: black;\"><span style=\"margin: 0px; padding: 0px; font-size: 12pt;\"><span style=\"margin: 0px; padding: 0px; font-size: 12pt;\"><span style=\"margin: 0px; padding: 0px; font-size: small;\"><span style=\"margin: 0px; padding: 0px; font-size: 12px;\">* 广东省首家精神科医师培训基地（2004年）</span></span></span></span></span></p><p><span style=\"margin: 0px; padding: 0px; font-size: 12pt; color: black;\"><span style=\"margin: 0px; padding: 0px; font-size: 12pt;\"><span style=\"margin: 0px; padding: 0px; font-size: 12pt;\"></span></span></span></p><p style=\"margin-top: 0px; margin-bottom: 0px; padding: 0px; vertical-align: baseline; text-align: left;\"><span style=\"margin: 0px; padding: 0px; font-size: 12pt; color: black;\"><span style=\"margin: 0px; padding: 0px; font-size: 12pt;\"><span style=\"margin: 0px; padding: 0px; font-size: 12pt;\"><span style=\"margin: 0px; padding: 0px; font-size: small;\"><span style=\"margin: 0px; padding: 0px; font-size: 12px;\">*“十一五”全国残疾人先进集体（2011年）</span></span></span></span></span></p><p><span style=\"margin: 0px; padding: 0px; font-size: 12pt; color: black;\"><span style=\"margin: 0px; padding: 0px; font-size: 12pt;\"><span style=\"margin: 0px; padding: 0px; font-size: 12pt;\"></span></span></span></p><p style=\"margin-top: 0px; margin-bottom: 0px; padding: 0px; vertical-align: baseline; text-align: left;\"><span style=\"margin: 0px; padding: 0px; font-size: 12pt; color: black;\"><span style=\"margin: 0px; padding: 0px; font-size: 12pt;\"><span style=\"margin: 0px; padding: 0px; font-size: 12pt;\"><span style=\"margin: 0px; padding: 0px; font-size: small;\"><span style=\"margin: 0px; padding: 0px;\"><span style=\"margin: 0px; padding: 0px; font-size: 12px;\">* 广东省专科医师培训基地（2009年）</span></span></span><span style=\"margin: 0px; padding: 0px; font-size: small;\"><span style=\"margin: 0px; padding: 0px; font-size: 12px;\"></span></span></span></span></span></p><p style=\"margin-top: 0px; margin-bottom: 0px; padding: 0px; vertical-align: baseline; text-align: left;\"><span style=\"margin: 0px; padding: 0px; font-size: 12pt; color: black;\"><span style=\"margin: 0px; padding: 0px; font-size: 12pt;\"><span style=\"margin: 0px; padding: 0px; font-size: 12pt;\">* 广东“重性精神疾病监管治疗项目”龙湖示范区建设单位（2006年）</span></span></span></p><p><span style=\"margin: 0px; padding: 0px; font-size: 12pt; color: black;\"><span style=\"margin: 0px; padding: 0px; font-size: 12pt;\"><span style=\"margin: 0px; padding: 0px; font-size: 12pt;\"></span></span></span></p><p><span style=\"margin: 0px; padding: 0px; font-size: 12pt; color: black;\"><span style=\"margin: 0px; padding: 0px; font-size: 12pt;\"><span style=\"margin: 0px; padding: 0px; font-size: 14pt;\"><span style=\"margin: 0px; padding: 0px; font-size: small;\"><span style=\"margin: 0px; padding: 0px; font-size: 12px;\">*&nbsp;国家“211工程”汕头大学重点建设学科---精神病与精神卫生学</span></span></span></span></span></p><p><span style=\"margin: 0px; padding: 0px; font-size: 12pt; color: black;\"><span style=\"margin: 0px; padding: 0px; font-size: 12pt;\"><span style=\"margin: 0px; padding: 0px; font-size: 14pt;\"></span></span></span></p><p style=\"margin-top: 0px; margin-bottom: 0px; padding: 0px; vertical-align: baseline; text-align: left;\"><span style=\"margin: 0px; padding: 0px; font-size: 12pt; color: black;\"><span style=\"margin: 0px; padding: 0px; font-size: 12pt;\"><span style=\"margin: 0px; padding: 0px; font-size: small;\"><span style=\"margin: 0px; padding: 0px; font-size: 12px;\">* 广东高校先进基层党组织(2008年)</span></span></span></span></p><p><span style=\"margin: 0px; padding: 0px; font-size: 12pt; color: black;\"><span style=\"margin: 0px; padding: 0px; font-size: 12pt;\"></span></span></p><p style=\"margin-top: 0px; margin-bottom: 0px; padding: 0px; vertical-align: baseline; text-align: left;\"><span style=\"margin: 0px; padding: 0px; font-size: 12pt; color: black;\"><span style=\"margin: 0px; padding: 0px; font-size: 12pt;\"><span style=\"margin: 0px; padding: 0px; font-size: small;\"><span style=\"margin: 0px; padding: 0px; font-size: 12px;\">* 中华全国总工会“工人先锋号” (2009年)</span></span></span></span></p><p style=\"margin-top: 0px; margin-bottom: 0px; padding: 0px; vertical-align: baseline; text-align: left;\"><span style=\"margin: 0px; padding: 0px; font-size: 12pt; color: black;\"><span style=\"margin: 0px; padding: 0px; font-size: 12pt;\"><span style=\"margin: 0px; padding: 0px; font-size: small;\"><span style=\"margin: 0px; padding: 0px; font-size: 12px;\"><img src=\"/image/20190503/6369252264797776708637274.JPG\" title=\"jiatinghua.JPG\" alt=\"jiatinghua.JPG\" width=\"813\" height=\"700\"/></span></span></span></span></p><p style=\"margin-top: 0px; margin-bottom: 0px; padding: 0px; vertical-align: baseline; text-align: left;\"><span style=\"margin: 0px; padding: 0px; font-size: 12pt; color: black;\"><span style=\"margin: 0px; padding: 0px; font-size: 12pt;\"><span style=\"margin: 0px; padding: 0px; font-size: small;\"><span style=\"margin: 0px; padding: 0px; font-size: 12px;\"></span></span></span></span></p><p><span style=\"margin: 0px; padding: 0px; font-size: small;\"><span style=\"margin: 0px; padding: 0px; font-size: 12px; font-family: arial;\">&nbsp;以人为本渗透到医院管理模式之中。</span></span></p><p>&nbsp;</p><p><span style=\"margin: 0px; padding: 0px; font-size: small;\"><span style=\"margin: 0px; padding: 0px; font-size: 12px; font-family: arial;\"><strong>建筑园林化：</strong>医院按园林式筑造，楼阁亭廊，错落有致；花香鸟语，曲径通幽。为患者提供一个优美、恬静的疗养环境，为开放化的管理提供开阔、舒适的活动空间。</span></span></p><p style=\"margin-top: 0px; margin-bottom: 0px; padding: 0px; vertical-align: baseline; text-align: left;\"><span style=\"margin: 0px; padding: 0px; font-size: 12pt; color: black;\"><span style=\"margin: 0px; padding: 0px; font-size: 12pt;\"><span style=\"margin: 0px; padding: 0px; font-size: small;\"><span style=\"margin: 0px; padding: 0px; font-size: 12px;\"><br/></span></span></span></span><img src=\"/image/20190503/6369252267241131397091955.JPG\" title=\"kaifanghua.JPG\" alt=\"kaifanghua.JPG\"/></p><p style=\"margin-top: 0px; margin-bottom: 0px; padding: 0px; vertical-align: baseline; text-align: left;\"><strong style=\"color: rgb(76, 76, 76); font-family: arial; font-size: 12px; text-align: justify; text-indent: 36px; white-space: normal; background-color: rgb(255, 255, 255);\">管理开放化：</strong><span style=\"color: rgb(76, 76, 76); font-family: arial; font-size: 12px; text-align: justify; text-indent: 36px; background-color: rgb(255, 255, 255);\">充分尊重患者的人格尊严，确立医患平等意识，让患者在院内有全开放的活动空间和丰富多彩的活动自由，以高度的人文关怀精神消除患者的心理压力，最大限度享受正常人的生活权利。</span><img src=\"/image/20190503/6369252269529880862008434.JPG\" title=\"IMG_2528.JPG\" alt=\"IMG_2528.JPG\" width=\"950\" height=\"755\"/></p><p style=\"margin-top: 0px; margin-bottom: 0px; padding: 0px; vertical-align: baseline; text-align: justify; font-size: 12px; color: rgb(76, 76, 76); font-family: Arial, Helvetica, sans-serif; text-indent: 24px; white-space: normal; background-color: rgb(255, 255, 255);\"><strong>高起点的学科研究与广泛的国际合作</strong></p><p style=\"margin-top: 0px; margin-bottom: 0px; padding: 0px; vertical-align: baseline; text-align: justify; font-size: 12px; color: rgb(76, 76, 76); font-family: Arial, Helvetica, sans-serif; text-indent: 24px; white-space: normal; background-color: rgb(255, 255, 255);\">汕头大学精神卫生中心拥有 “汕头大学医学院—加拿大曼尼托巴大学医学院联合生物精神病学实验室”研究平台，2012年成立至今，成立至今，以实验室为依托，双方开展了包括科研、人才培养、学术交流和全英教师培训等全方位的合作，取得了不菲的成绩：共发表SCI论文45篇，获得国家自然科学基金2项、省级课题8项，引进回国人员1名，联合培养博士后2名，共同开展有关精神分裂症、应急与情绪障碍等生物精神病学领域的多项联合研究课题，并成功举办了两届粤—加生物精神病学研讨会。与此同时，我院还与加拿大Albert大学合作，共建精神病专科医生规范化培训基地，互聘导师、交换规培生；与墨尔本大学合作开展孤独症研究与培训项目，与多伦多大学进行社区精神卫生服务合作项目等。</p><p style=\"margin-top: 0px; margin-bottom: 0px; padding: 0px; vertical-align: baseline; text-align: left;\"><span style=\"margin: 0px; padding: 0px; font-size: 12pt; color: black;\"><span style=\"margin: 0px; padding: 0px; font-size: 12pt;\"><span style=\"margin: 0px; padding: 0px; font-size: small;\"><span style=\"margin: 0px; padding: 0px; font-size: 12px;\"></span></span></span></span></p><p><br/></p>',1556897190,1,1,50),(49,27,'我院组织收听收看纪念五四运动100周年大','/uploadimages/0506105308.jpg','我院组织收听收看纪念五四运动100周年大会','<p style=\"margin-top: 0px; margin-bottom: 0px; padding: 0px; outline: none; color: rgb(102, 102, 102); font-family: 微软雅黑; font-size: 14px; white-space: normal; background-color: rgb(249, 249, 249);\"><span style=\"line-height: 2em;\"><span style=\"font-size: 16px;\">&nbsp;4月30日上午，纪念五四运动100周年大会在人民大会堂举行，习近平总书记出席会议并发表重要讲话。我院领导班子、党委办公室副主任、团委负责人、各党支部党员代表、各团支部团员代表共50余人在医院三期十四楼大会议室集体观看大会直播，各医联体成员单位分别在各院区组织员工收听收看大会直播，认真学习习近平总书记重要讲话精神。<br/>&nbsp; &nbsp; &nbsp; 大会上，习近平总书记深切缅怀了五四先驱崇高的爱国情怀和革命精神，高度评价了五四运动的历史意义，明确提出了新时代发扬五四精神的重要要求，深切寄语当代青年，激励全党全国各族人民特别是新时代中国青年为全面建成小康社会、加快建设社会主义现代化国家、实现中华民族伟大复兴的中国梦而奋斗。<br/>&nbsp; &nbsp; &nbsp; 我们要认真学习领会，抓好贯彻落实习近平总书记的重要讲话精神，更加紧密地团结在以习近平总书记为核心的党中央周围，认真学习贯彻习近平新时代中国特色社会主义思想，发扬五四精神，在实现“两个一百年”奋斗目标、实现中华民族伟大复兴中国梦的宏伟征程中谱写壮丽的青春篇章。</span></span></p><p style=\"margin-top: 0px; margin-bottom: 0px; padding: 0px; outline: none; color: rgb(102, 102, 102); font-family: 微软雅黑; font-size: 14px; white-space: normal; background-color: rgb(249, 249, 249); text-align: right;\"><span style=\"line-height: 2em;\"><span style=\"font-size: 16px;\">&nbsp;<br/>（科室：党委办公室&nbsp; 负责人：李曼红&nbsp; 撰稿人：章妮纯）</span></span></p><p><img src=\"/image/20190506/6369273675782587519494972.jpg\" title=\"20190430044500297.jpg\" alt=\"20190430044500297.jpg\"/></p><p><img src=\"/image/20190506/6369273676490401135797777.jpg\" title=\"20190430044619124.jpg\" alt=\"20190430044619124.jpg\"/></p>',1557111188,1,1,50),(50,27,'我院召开2019年全面从严治党工作会议','/uploadimages/0506105426.jpg','我院召开2019年全面从严治党工作会议','<p style=\"margin-top: 0px; margin-bottom: 0px; padding: 0px; outline: none; color: rgb(102, 102, 102); font-family: 微软雅黑; font-size: 14px; white-space: normal; background-color: rgb(249, 249, 249);\"><span style=\"line-height: 2em;\"><span style=\"font-size: 16px;\">&nbsp;&nbsp; &nbsp; 为深入贯彻习近平新时代中国特色社会主义思想，全面贯彻落实习近平总书记对广东重要讲话和重要指示批示精神，全面落实十九届中央纪委三次全会、省委十二届六次全会、省纪委十二届四次全会和教育部、广东省教育系统全面从严治党工作视频会议的精神，4月24日下午，我院在第二学术报告厅召开2019年全面从严治党工作会议。医院党政领导班子成员、中层干部近250人参会，医院后备干部近50人在大会议室同步收看会议实况录像。会议由医院党委副书记江耀睦主持。<br/>&nbsp; &nbsp; &nbsp; 会上，医院党委书记曾大斌作《2019年汕头大学医学院第一附属医院全面从严治党工作报告》。报告总结回顾了2018年医院从严治党各项工作的开展情况，剖析了存在的主要问题，并就推进医院2019年全面从严治党工作提出五个方面的要点：一是突出政治站位，持续深入推进党的政治建设；二是创新学习载体，持续深入推进理论武装工作；三是贯彻落实条例，不断强化基层组织力；四是坚持久久为功，持续深入推进作风建设和纪律建设；五是把握新形势，持续深入推进党建与中心工作的深度融合。曾书记指出，2019年我们要以习近平新时代中国特色社会主义思想为指导，坚决扛起全面从严治党主体责任和管党治党监督责任，站位全局、勇于担当、狠抓落实、奋力攻坚，扎实做好医院党建与思想政治工作，为新时期医院改革发展提供强有力的思想保证和政治保证，推进科研和医疗服务高质量发展。江副书记要求各党总支、党支部、各科室、各医联体单位要认真组织召开全面从严治党工作会议，坚定不移推动全面从严治党向纵深发展。<br/>&nbsp; &nbsp; &nbsp; 江副书记传达了《中共广东省委办公厅印发〈关于加强我省公立医院党的建设的实施意见〉的通知》文件精神，实施意见涵盖五大方面二十三项要点，就如何加强我省公立医院党的建设做了具体的部署。江书记表示，医院党委将按照实施细则的要求认真抓好落实，同时要求医院各级党组织、各医联体单位认真学习领会文件精神、切实做好贯彻落实工作。<br/>&nbsp; &nbsp; &nbsp; 会议最后，医院党委书记与医院领导班子成员、党委书记与党总支书记、党支部书记代表、医院领导班子成员与分管线条的职能科室、临床及医技科室负责人分别签订了2019年党风廉政建设责任书。</span></span></p><p style=\"margin-top: 0px; margin-bottom: 0px; padding: 0px; outline: none; color: rgb(102, 102, 102); font-family: 微软雅黑; font-size: 14px; white-space: normal; background-color: rgb(249, 249, 249); text-align: right;\"><span style=\"line-height: 2em;\"><span style=\"font-size: 16px;\">（科室：党委办公室&nbsp; 负责人：李曼红&nbsp; 撰稿人：章妮纯）</span></span></p><p><img src=\"/image/20190506/6369273685010442654277560.jpg\" title=\"20190425035820477.jpg\" alt=\"20190425035820477.jpg\"/><img src=\"/image/20190506/6369273685597320341044393.jpg\" title=\"20190425035933406.jpg\" alt=\"20190425035933406.jpg\"/></p>',1557111266,1,1,50),(51,28,'我院召开加强医德医风建设 整顿不正之风','/uploadimages/0506105603.jpg','我院召开加强医德医风建设 整顿行业不正之风专项活动大会','<p style=\"margin-top: 20px; margin-bottom: 0px; padding: 0px; outline: none; color: rgb(102, 102, 102); font-family: 微软雅黑; white-space: normal; background-color: rgb(249, 249, 249); text-align: justify;\"><span style=\"line-height: 2em;\">为全面贯彻落实党的十九大精神，深入推进公立医疗卫生机构党风廉政建设，坚决整治群众深恶痛绝的收受红包礼金等问题，净化医疗行业生态，汕头市纪委监察委及汕头市卫生和计划生育局决定在全市医疗卫生系统深入开展加强医德医风建设，整顿行业不正之风专项活动。<br/>&nbsp;&nbsp;&nbsp;&nbsp;&nbsp; 我院党政领导非常重视纠风工作，成立由党政一把手为组长的专项整顿工作领导小组，下设办公室认真响应配合“加强医德医风建设 整顿行业不正之风专项活动”的开展。在党委会、院长办公会上讨论研究相应的整顿措施。<br/>&nbsp;&nbsp;&nbsp;&nbsp;&nbsp; 2018年10月23日医院召开专项整顿工作领导小组会议，布置落实整顿措施。10月24日，召开由全院中层干部参加的“医德医风建设、整顿行业不正之风专项活动”动员大会。</span></p><p style=\"margin-top: 20px; margin-bottom: 0px; padding: 0px; outline: none; color: rgb(102, 102, 102); font-family: 微软雅黑; white-space: normal; background-color: rgb(249, 249, 249); text-align: right;\"><span style=\"line-height: 2em;\">（科室：纪检监察科&nbsp; 负责人：廖绮丽&nbsp; 撰稿人：廖绮丽）</span></p><p><img src=\"/image/20190506/6369273694328533695457611.jpg\" title=\"20181102051352166.jpg\" alt=\"20181102051352166.jpg\" width=\"755\" height=\"474\"/><img src=\"/image/20190506/6369273694698480914925939.jpg\" title=\"20181102051412359.jpg\" alt=\"20181102051412359.jpg\" width=\"758\" height=\"510\"/></p>',1557112973,1,1,50),(52,32,'我市获“全国文明城市提名城市”','','我市获“全国文明城市提名城市”','<p style=\"margin-top: 0px; margin-bottom: 0px; padding: 0px; outline: none; font-size: 14px; white-space: normal; background-color: rgb(249, 249, 249); color: rgb(83, 83, 83); text-indent: 2em; font-family: 宋体;\"><span style=\"font-family: 微软雅黑;\"><span style=\"line-height: 2em;\"><span style=\"font-size: 16px;\">&nbsp; &nbsp;喜讯传来：记者从市文明办获悉，接省文明办通知，我市获得全国文明城市提名资格！这标志着，经过一年多来的不懈努力，汕头发展跃上了新平台，踏上了创建全国文明城市的新征程。</span></span></span><br/><span style=\"font-size: 16px; font-family: 微软雅黑; text-indent: 2em;\">&nbsp; &nbsp; &nbsp; 全国文明城市是国家授予一座城市最高的综合性荣誉，是一座城市最有价值的城市品牌和亮丽名片。去年5月17日，汕头吹响争创全国文明城市的号角，发出了强化城市管理的“动员令”。全市上下迅速行动起来，一场凝聚发展能量，提升城市品质，改善营商环境，提振干部群众精气神的创建文明城市攻坚战正式打响。今年3月1日，我市召开创文强管总结推进暨冲刺全国文明城市提名动员大会，再次发出“创文永远在路上！不获全胜，决不收兵！”的时代强音。回望过去的一年多，汕头发生了翻天覆地的变化，实现了信心回归、潮商回归、形象回归、特区精神和特区效率回归，也得到了社会各界和海内外潮人的广泛好评。<br/>&nbsp; &nbsp; &nbsp;</span><span style=\"font-size: 16px; font-family: 微软雅黑; text-indent: 2em;\">据悉，根据省统一部署，结合我市创建实际，市文明委于今年5月向省文明委提交了申报全国文明城市提名资格的报告。今年7月中旬，市文明办又向省文明办提交了申报全国文明城市提名资格的建档资料。经过省文明办委托第三方的暗访测评，经省文明委向中央文明办推荐，就在昨天，省文明办通知我市获得了全国文明城市提名城市资格。</span></p><p><span style=\"line-height: 2em;\"><span style=\"font-size: 16px;\">（来源：2017年12月6日《汕头日报》）</span></span></p><p><br/></p>',1557111462,1,1,50),(53,30,'我院护理小组赴存心善堂医院进行培训帮扶','','我院护理小组赴存心善堂医院进行培训帮扶活动','<p><span style=\"color: rgb(102, 102, 102); font-family: 微软雅黑; font-size: 14px; background-color: rgb(249, 249, 249);\"><span style=\"font-size: 16px;\">&nbsp; &nbsp; &nbsp; 随着社会人口老龄化的进程不断加快，老年人护理服务和健康照护人员的培养成为当前社会的迫切需求。2019年3月14日下午，由我院团委带队、联合护理部和老年护理小组多名护士长和护理专家一共前往存心善堂医院开展护理员培训帮扶活动，进一步提高护理员照护技术，带动区域内老年照护的规范化。<br/>&nbsp; &nbsp; &nbsp; 在本次培训活动中，各位授课老师通过实际操作演示，结合生动易懂的讲解方法，给存心善堂医院一众护理员传授日常生活护理技巧、修饰能力指导及训练、压力性损伤预防措施，以及老年患者体位摆放方法等内容，使护理员直观学习并掌握老年患者日常护理知识和生活辅具的使用方法。授课老师用理论和实践相结合，耐心讲授，受到存心善堂医院领导和护理员们的一致好评。<br/>&nbsp; &nbsp; &nbsp; 往后，我院会每月定期组织老年专科护士对存心善堂医院护理员进行培训授课，结合收治的病人情况和实际护理需求，制定有针对性的护理员培训课程，对病人的日常生活能力指导、进食安全指导、便秘预防、跌倒预防等知识带来新的教学。<br/>&nbsp; &nbsp; &nbsp; 我院老年护理小组在护理部的支持下，一直致力于老年患者护理的实践及相关培训活动，用实际行动参与社会公益，践行优质护理下沉基层的理念，为我院树立良好的社会形象。</span></span><span style=\"color: rgb(102, 102, 102); font-family: 微软雅黑; font-size: 14px; background-color: rgb(249, 249, 249);\"></span></p><p><br/><span style=\"font-size: 16px;\">（科室：护理部&nbsp;&nbsp;负责人：张红&nbsp;&nbsp;撰稿：陈舜卿）</span></p><p><img src=\"/image/20190506/6369273713005911475166853.jpg\" title=\"20190322050508704.jpg\" alt=\"20190322050508704.jpg\" width=\"755\" height=\"564\"/><img src=\"/image/20190506/6369273713391236268734906.jpg\" title=\"20190322050522268.jpg\" alt=\"20190322050522268.jpg\" width=\"1\" height=\"1\"/></p>',1557112983,1,1,50),(54,31,'社会主义核心价值观','/uploadimages/0506110926.jpg','社会主义核心价值观','<p><img src=\"/image/20190506/6369273768317722625588414.jpg\" title=\"20170903081602316.jpg\" alt=\"20170903081602316.jpg\" width=\"680\" height=\"1012\"/></p><p><strong style=\"color: rgb(102, 102, 102); font-family: 微软雅黑; white-space: normal; background-color: rgb(249, 249, 249);\">【国家】富强、民主、文明、和谐&nbsp;</strong><br/><span style=\"color: rgb(102, 102, 102); font-family: 微软雅黑; background-color: rgb(249, 249, 249);\">&nbsp;</span><br/><strong style=\"color: rgb(102, 102, 102); font-family: 微软雅黑; white-space: normal; background-color: rgb(249, 249, 249);\">【社会】自由、平等、公正、法治&nbsp;</strong><br/><span style=\"color: rgb(102, 102, 102); font-family: 微软雅黑; background-color: rgb(249, 249, 249);\">&nbsp;</span><br/><strong style=\"color: rgb(102, 102, 102); font-family: 微软雅黑; white-space: normal; background-color: rgb(249, 249, 249);\">【公民】爱国、敬业、诚信、友善&nbsp;</strong></p>',1557112166,1,1,50),(55,48,'门诊指南','','门诊指南','<p><span style=\"color: rgb(102, 102, 102); font-family: 微软雅黑; font-size: 14px; background-color: rgb(249, 249, 249);\"><span style=\"font-size: 16px;\"><span style=\"line-height: 2em;\">&nbsp; &nbsp; 一、门诊<br/>&nbsp;&nbsp;&nbsp;&nbsp;&nbsp; 本院门诊实行先就诊，后交挂号费和诊金的就诊模式。初次就诊者必须先到门诊大厅或门诊三楼收费处“填表区”填写个人信息后到办卡处办理条码卡；已有条码卡者可直接到相应就诊科室的分诊台刷卡排队侯诊。<br/><span style=\"line-height: 2em;\"><strong>&nbsp;&nbsp;&nbsp;&nbsp;&nbsp; 1、现场预约：门诊大厅咨询服务处，<br/>&nbsp;&nbsp;&nbsp;&nbsp;&nbsp;&nbsp;&nbsp;&nbsp;&nbsp;&nbsp;&nbsp; 服务时间：周一至周五8:00-11:30，14:30-17:00</strong><br/><strong>&nbsp;&nbsp;&nbsp;&nbsp;&nbsp; 2、电话预约：0754-88259256；<br/>&nbsp;&nbsp;&nbsp;&nbsp;&nbsp;&nbsp;&nbsp;&nbsp;&nbsp;&nbsp; 服务时间</strong>：周一至周五8:00-11:30，14:30-17:00<br/><strong>&nbsp;&nbsp;&nbsp;&nbsp;&nbsp; 3、手机APP预约：</strong><br/>&nbsp;&nbsp;&nbsp;&nbsp;&nbsp;&nbsp;&nbsp;&nbsp;&nbsp;&nbsp; 下载“翼健康”软件进行预约<br/>&nbsp;&nbsp;&nbsp;&nbsp;&nbsp;&nbsp;&nbsp;&nbsp;&nbsp;&nbsp; 下载“依康宝”软件进行预约<br/><strong>&nbsp;&nbsp;&nbsp;&nbsp;&nbsp; 4、手机微信预约：</strong><br/>&nbsp;&nbsp;&nbsp;&nbsp;&nbsp;&nbsp;&nbsp;&nbsp;&nbsp;&nbsp; 关注“汕头大医学医学院第一附属医院”微信公众号预约<br/>&nbsp;&nbsp;&nbsp;&nbsp;&nbsp;&nbsp;&nbsp;&nbsp;&nbsp;&nbsp; 关注“翼健康”微信公众号预约<br/>&nbsp;&nbsp;&nbsp;&nbsp;&nbsp;&nbsp;&nbsp;&nbsp;&nbsp;&nbsp; 关注“依康宝”微信公众号预约<br/>&nbsp;&nbsp;&nbsp;&nbsp;&nbsp;&nbsp;&nbsp;&nbsp;&nbsp;&nbsp; 关注“粤健康汕头”微信公众号预约</span></span></span></span><br/><span style=\"color: rgb(102, 102, 102); font-family: 微软雅黑; font-size: 14px; background-color: rgb(249, 249, 249);\"><span style=\"font-size: 16px;\"><span style=\"line-height: 2em;\"><span style=\"font-family:微软雅黑\">&nbsp;&nbsp;&nbsp;&nbsp;&nbsp;&nbsp;</span>二、专家、专科出诊时间（见附表 ）<br/><span style=\"font-family:微软雅黑\">&nbsp;&nbsp;&nbsp;&nbsp;&nbsp;&nbsp;</span>三、急诊电话：88905219 或直接拨打120电话<br/><span style=\"font-family:微软雅黑\">&nbsp;&nbsp;&nbsp;&nbsp;&nbsp;&nbsp;</span>四、投诉电话：88905155&nbsp;&nbsp; 88905391<br/><span style=\"font-family:微软雅黑\">&nbsp;&nbsp;&nbsp;&nbsp;&nbsp;&nbsp;</span>五、医院地址：汕头市长平路57号</span></span></span></p>',1557112295,1,1,50),(56,49,'入院指南','','入院指南','<p style=\"margin-top: 0px; margin-bottom: 0px; padding: 0px; outline: none; color: rgb(102, 102, 102); font-family: 微软雅黑; font-size: 14px; white-space: normal; background-color: rgb(249, 249, 249); text-align: center;\"><span style=\"font-size: 16px;\"><span style=\"line-height: 2em;\"><strong>入院指南</strong></span></span><br/>&nbsp;</p><p style=\"margin-top: 0px; margin-bottom: 0px; padding: 0px; outline: none; color: rgb(102, 102, 102); font-family: 微软雅黑; font-size: 14px; white-space: normal; background-color: rgb(249, 249, 249);\"><span style=\"font-size: 16px;\"><span style=\"line-height: 2em;\"><strong>入院流程：医生开卡→住院收费处→各病区护士站</strong><br/>办理入院须知：<br/>&nbsp;&nbsp;&nbsp;&nbsp;&nbsp; 一、请凭“入院电子索引卡”与第二代身份证原件或医保证原件到窗口办理入院登记手续。<br/>&nbsp;&nbsp;&nbsp;&nbsp;&nbsp; 二、如若入院时证件未带齐者，先按自费办理入院；本市医保参保者请在入院5个工作日内带齐证件和预缴款收据在办公时间到窗口补办医保登记手续。超过 5个工作日不予受理医保登记。（特殊病种除外）<br/>&nbsp;&nbsp;&nbsp;&nbsp;&nbsp; 已联网的异地医保：凭主管医师开具的疾病证明书，到医务中心盖章，回到参保地备案并索要异地医保受理书，再凭第二代身份证或社会保障卡+异地医保受理书+预交款收据到窗口补办医保登记手续。<br/>&nbsp;&nbsp;&nbsp;&nbsp;&nbsp; 三、请认真核对您的姓名，若有错误请及时更正，最迟在48小时内凭身份证在住院科室找主管医生办理更正审批手续，并到医务中心审批，凭【住院患者更正姓名申请单（一式三份）+身份证明书】到收费窗口办理更正手续；超过48小时不能更改。<br/>&nbsp;&nbsp;&nbsp;&nbsp;&nbsp; 四、请妥善保管好所有“预缴款收据”，出院结算时需收回财务对账。</span></span><br/>&nbsp;</p><p style=\"margin-top: 0px; margin-bottom: 0px; padding: 0px; outline: none; color: rgb(102, 102, 102); font-family: 微软雅黑; font-size: 14px; white-space: normal; background-color: rgb(249, 249, 249); text-align: center;\"><img alt=\"\" src=\"http://www.stuh.com.cn/uploadfile/2016/1114/20161114110607283.png\"/><br/><br/><img alt=\"\" src=\"http://www.stuh.com.cn/uploadfile/2016/1114/20161114110626524.png\"/></p><p style=\"margin-top: 0px; margin-bottom: 0px; padding: 0px; outline: none; color: rgb(102, 102, 102); font-family: 微软雅黑; font-size: 14px; white-space: normal; background-color: rgb(249, 249, 249); text-align: center;\"><br/><span style=\"font-size: 16px;\"><strong>出院指南</strong></span><br/>&nbsp;</p><p style=\"margin-top: 0px; margin-bottom: 0px; padding: 0px; outline: none; color: rgb(102, 102, 102); font-family: 微软雅黑; font-size: 14px; white-space: normal; background-color: rgb(249, 249, 249);\"><span style=\"font-size: 16px;\"><span style=\"line-height: 2em;\"><strong>出院流程：各病区护士站→住院药房→住院收费处</strong><br/>办理出院须知：<br/>一、请先到各病区护士站办理手续，领取“出院通知单”与相关病历资料。<br/>二、若出院有带药请凭“出院通知单”与处方到药房确认领药。<br/>&nbsp;&nbsp;&nbsp;&nbsp;&nbsp;&nbsp; 领药地点：1、住院西药房：一期大楼二楼西侧<br/>&nbsp;&nbsp;&nbsp;&nbsp;&nbsp;&nbsp;&nbsp;&nbsp;&nbsp;&nbsp;&nbsp;&nbsp;&nbsp;&nbsp;&nbsp;&nbsp;&nbsp;&nbsp;&nbsp;&nbsp;&nbsp;&nbsp;&nbsp; 2、中成药房：门诊中药房<br/>三、到住院收费处结算（地点：一期大楼二楼东侧）<br/>1、自费病人：凭“出院通知单”与所有“预缴款收据”到窗口办理。<br/>2、医保病人：凭“出院通知单”与所有“预缴款收据”、 身份证原件或医保证原件到窗口办理。<br/>3、非联网的异地医保病人以自费病人模式结算。<br/>备注：1、“出院小结”需医生签名到医务中心盖章。<br/>&nbsp;&nbsp;&nbsp;&nbsp;&nbsp;&nbsp;&nbsp;&nbsp;&nbsp; 2、住院费用清单：凭结算发票(即收据)到⑧窗口打印</span></span><br/><br/>&nbsp;</p><p style=\"margin-top: 0px; margin-bottom: 0px; padding: 0px; outline: none; color: rgb(102, 102, 102); font-family: 微软雅黑; font-size: 14px; white-space: normal; background-color: rgb(249, 249, 249); text-align: center;\"><span style=\"font-size: 16px;\"><strong>&nbsp;生育的产妇住院登记医保需知</strong></span></p><p style=\"margin-top: 0px; margin-bottom: 0px; padding: 0px; outline: none; color: rgb(102, 102, 102); font-family: 微软雅黑; font-size: 14px; white-space: normal; background-color: rgb(249, 249, 249);\"><span style=\"font-size: 16px;\"><span style=\"line-height: 2em;\">一、根据汕头生育保险政策规定，凡参加生育保险跟居民医疗保险者， 只能选择享受其中一种保险；<br/>&nbsp;&nbsp;&nbsp;&nbsp;&nbsp; 若自愿选择“居民医保”报销者，需提供《计划生育服务证》（即准生证）原件及复印件才可登记，享受医保即时结算报销；出院结算后不能更改结算方式。<br/>&nbsp;&nbsp;&nbsp;&nbsp;&nbsp; 若自愿选择报“生育保险”者按自费方式结算。<br/>二、职工医保和“生育保险”者即按自费处理，自行到工作单位咨询报销。&nbsp;&nbsp;&nbsp;&nbsp;</span><br/>&nbsp;</span></p><p><br/></p>',1557112320,1,1,50),(57,50,'跨省异地就医住院费用直接结算十问','','跨省异地就医住院费用直接结算十问','<p><strong style=\"color: rgb(102, 102, 102); font-family: 微软雅黑; white-space: normal; background-color: rgb(249, 249, 249);\">1.好处有哪些？</strong><br/><span style=\"color: rgb(102, 102, 102); font-family: 微软雅黑; background-color: rgb(249, 249, 249);\">&nbsp;&nbsp;&nbsp;&nbsp;&nbsp; 过去：报销周期长，垫付压力大，个人负担重，往返奔波累。参保人员异地就医自己先垫资，再回参保地报销。</span><br/><span style=\"color: rgb(102, 102, 102); font-family: 微软雅黑; background-color: rgb(249, 249, 249);\">&nbsp;&nbsp;&nbsp;&nbsp;&nbsp; 现在：省心、省时、省力、省钱！只需支付个人负担的医疗费用；医保支付费用，由医保与医院直接结算。</span><br/><strong style=\"color: rgb(102, 102, 102); font-family: 微软雅黑; white-space: normal; background-color: rgb(249, 249, 249);\">2.哪些人群受益？</strong><br/><span style=\"color: rgb(102, 102, 102); font-family: 微软雅黑; background-color: rgb(249, 249, 249);\">&nbsp;&nbsp;&nbsp;&nbsp;&nbsp; 主要有四类群体，</span><br/><span style=\"color: rgb(102, 102, 102); font-family: 微软雅黑; background-color: rgb(249, 249, 249);\">&nbsp;&nbsp;&nbsp;&nbsp;&nbsp; 一是异地安置退休人员，也就是退休后在异地定居并迁入户籍的人员。比如回原籍居住的退休知青，退休前在工作地参保，现在退休回原籍居住了。</span><br/><span style=\"color: rgb(102, 102, 102); font-family: 微软雅黑; background-color: rgb(249, 249, 249); line-height: 2em;\">&nbsp;&nbsp;&nbsp;&nbsp;&nbsp;&nbsp;</span><span style=\"color: rgb(102, 102, 102); font-family: 微软雅黑; background-color: rgb(249, 249, 249);\">二是异地长期居住人员，在异地居住生活的人员。比如到北京这样的大城市，随子女居住，帮助带孩子的老年人。&nbsp; &nbsp;</span><br/><span style=\"color: rgb(102, 102, 102); font-family: 微软雅黑; background-color: rgb(249, 249, 249); line-height: 2em;\">&nbsp;&nbsp;&nbsp;&nbsp;&nbsp;&nbsp;</span><span style=\"color: rgb(102, 102, 102); font-family: 微软雅黑; background-color: rgb(249, 249, 249);\">三是常驻异地工作人员，用人单位派驻异地工作的人员。比如有一些驻外的办事处，这些员工长期在外面工作。&nbsp;</span><br/><span style=\"color: rgb(102, 102, 102); font-family: 微软雅黑; background-color: rgb(249, 249, 249); line-height: 2em;\">&nbsp;&nbsp;&nbsp;&nbsp;&nbsp;&nbsp;</span><span style=\"color: rgb(102, 102, 102); font-family: 微软雅黑; background-color: rgb(249, 249, 249);\">四是异地转诊人员，因当地医疗机构诊断不了或者可以诊断，但是治疗水平有限，需要到外省就医的患者。</span><br/><span style=\"color: rgb(102, 102, 102); font-family: 微软雅黑; background-color: rgb(249, 249, 249); line-height: 2em;\">&nbsp;&nbsp;&nbsp;&nbsp;&nbsp;&nbsp;</span><span style=\"color: rgb(102, 102, 102); font-family: 微软雅黑; background-color: rgb(249, 249, 249);\">全国职工医保、城镇（乡）居民医保参保人员，无论是在异地长期居住还是工作，还是因客观需要转诊到异地住院，都可以享受医保直接结算。</span><br/><strong style=\"color: rgb(102, 102, 102); font-family: 微软雅黑; white-space: normal; background-color: rgb(249, 249, 249);\">3.程序怎么走？</strong><br/><span style=\"color: rgb(102, 102, 102); font-family: 微软雅黑; background-color: rgb(249, 249, 249); line-height: 2em;\">&nbsp;&nbsp;&nbsp;&nbsp;&nbsp;&nbsp;</span><span style=\"color: rgb(102, 102, 102); font-family: 微软雅黑; background-color: rgb(249, 249, 249);\">第一步先备案，先在参保地医保经办机构备案。</span><br/><span style=\"color: rgb(102, 102, 102); font-family: 微软雅黑; background-color: rgb(249, 249, 249); line-height: 2em;\">&nbsp;&nbsp;&nbsp;&nbsp;&nbsp;&nbsp;</span><span style=\"color: rgb(102, 102, 102); font-family: 微软雅黑; background-color: rgb(249, 249, 249);\">第二步选定点，选择跨省定点医疗机构就医。&nbsp;</span><br/><span style=\"color: rgb(102, 102, 102); font-family: 微软雅黑; background-color: rgb(249, 249, 249); line-height: 2em;\">&nbsp;&nbsp;&nbsp;&nbsp;&nbsp;&nbsp;</span><span style=\"color: rgb(102, 102, 102); font-family: 微软雅黑; background-color: rgb(249, 249, 249);\">第三步持卡就医，一定要带上全国统一标准的社会保障卡就医。</span><br/><strong style=\"color: rgb(102, 102, 102); font-family: 微软雅黑; white-space: normal; background-color: rgb(249, 249, 249);\">4.如何办理备案？</strong><br/><span style=\"color: rgb(102, 102, 102); font-family: 微软雅黑; background-color: rgb(249, 249, 249); line-height: 2em;\">&nbsp;&nbsp;&nbsp;&nbsp;&nbsp;&nbsp;</span><span style=\"color: rgb(102, 102, 102); font-family: 微软雅黑; background-color: rgb(249, 249, 249);\">（1）备案地点，参保地经办机构。</span><br/><span style=\"color: rgb(102, 102, 102); font-family: 微软雅黑; background-color: rgb(249, 249, 249); line-height: 2em;\">&nbsp;&nbsp;&nbsp;&nbsp;&nbsp;&nbsp;</span><span style=\"color: rgb(102, 102, 102); font-family: 微软雅黑; background-color: rgb(249, 249, 249);\">（2）备案信息，有两个关键信息，一是备案原因，要写清楚是异地安置或居住、常驻工作、还是转诊转院等；二是就医地点，填写你需要去看病的地方。</span><br/><span style=\"color: rgb(102, 102, 102); font-family: 微软雅黑; background-color: rgb(249, 249, 249); line-height: 2em;\">&nbsp;&nbsp;&nbsp;&nbsp;&nbsp;&nbsp;</span><span style=\"color: rgb(102, 102, 102); font-family: 微软雅黑; background-color: rgb(249, 249, 249);\">（3）跨省定点医疗机构，人社部定期公布跨省异地就医定点医疗机构，群众可通过社会保险网上查询系统（si.12333.gov.cn）实时查询；或拨打参保地12333电话、参保地社会保险经办机构的电话咨询。</span><br/><span style=\"color: rgb(102, 102, 102); font-family: 微软雅黑; background-color: rgb(249, 249, 249); line-height: 2em;\">&nbsp;&nbsp;&nbsp;&nbsp;&nbsp;&nbsp;</span><span style=\"color: rgb(102, 102, 102); font-family: 微软雅黑; background-color: rgb(249, 249, 249);\">参保人员登记备案成功后，备案信息就实时上传至国家异地就医结算系统。</span><br/><strong style=\"color: rgb(102, 102, 102); font-family: 微软雅黑; white-space: normal; background-color: rgb(249, 249, 249);\">5.政策很复杂吗？</strong><br/><span style=\"color: rgb(102, 102, 102); font-family: 微软雅黑; background-color: rgb(249, 249, 249); line-height: 2em;\">&nbsp;&nbsp;&nbsp;&nbsp;&nbsp;&nbsp;</span><span style=\"color: rgb(102, 102, 102); font-family: 微软雅黑; background-color: rgb(249, 249, 249);\">政策很简单，三句话十五个字。</span><br/><span style=\"color: rgb(102, 102, 102); font-family: 微软雅黑; background-color: rgb(249, 249, 249); line-height: 2em;\">&nbsp;&nbsp;&nbsp;&nbsp;&nbsp;&nbsp;</span><span style=\"color: rgb(102, 102, 102); font-family: 微软雅黑; background-color: rgb(249, 249, 249);\">（1）就医地目录，包括基本医疗保险的药品目录、诊疗项目和服务设施标准。</span><br/><span style=\"color: rgb(102, 102, 102); font-family: 微软雅黑; background-color: rgb(249, 249, 249); line-height: 2em;\">&nbsp;&nbsp;&nbsp;&nbsp;&nbsp;&nbsp;</span><span style=\"color: rgb(102, 102, 102); font-family: 微软雅黑; background-color: rgb(249, 249, 249);\">（2）参保地待遇，执行参保地的起付线、支付比例和最高支付限额。</span><br/><span style=\"color: rgb(102, 102, 102); font-family: 微软雅黑; background-color: rgb(249, 249, 249); line-height: 2em;\">&nbsp;&nbsp;&nbsp;&nbsp;&nbsp;&nbsp;</span><span style=\"color: rgb(102, 102, 102); font-family: 微软雅黑; background-color: rgb(249, 249, 249);\">（3）就医地管理，就医地经办机构要为异地就医人员提供和本地参保人员相同的服务和管理，包括咨询服务、医疗信息的记录、医疗行为的监控、医疗费用的审核等。</span><br/><strong style=\"color: rgb(102, 102, 102); font-family: 微软雅黑; white-space: normal; background-color: rgb(249, 249, 249);\">6.能举个例子吗？</strong><br/><span style=\"color: rgb(102, 102, 102); font-family: 微软雅黑; background-color: rgb(249, 249, 249); line-height: 2em;\">&nbsp;&nbsp;&nbsp;&nbsp;&nbsp;&nbsp;</span><span style=\"color: rgb(102, 102, 102); font-family: 微软雅黑; background-color: rgb(249, 249, 249);\">小张在海南工作，跟随小张一起生活的父亲老张，医保关系在老家河北，老张异地定居申请了异地就医长期备案。老张住院直接持社会保障卡结算时，依照的医保目录要按海南的规定执行，而住院起付线、报销比例、支付限额等，仍按照河北的医保规定执行。</span><br/><span style=\"color: rgb(102, 102, 102); font-family: 微软雅黑; background-color: rgb(249, 249, 249); line-height: 2em;\">&nbsp;&nbsp;&nbsp;&nbsp;&nbsp;&nbsp;</span><span style=\"color: rgb(102, 102, 102); font-family: 微软雅黑; background-color: rgb(249, 249, 249);\">2017年5月，老张在海南一家跨省定点医院住院，总费用2.5万元，通过跨省异地就医平台直接结算，按照原来的结算方式，老张需要先垫资2.5万元，然后回河北报销。然后回老家河北报销，现在直接结算后，老张只需支付7500元即可办理出院，医保报销的1.75万元，由医保与医院直接结算。</span><br/><strong style=\"color: rgb(102, 102, 102); font-family: 微软雅黑; white-space: normal; background-color: rgb(249, 249, 249);\">7.异地住院结算时，万一不成功怎么办？？</strong><br/><span style=\"color: rgb(102, 102, 102); font-family: 微软雅黑; background-color: rgb(249, 249, 249); line-height: 2em;\">&nbsp;&nbsp;&nbsp;&nbsp;&nbsp;&nbsp;</span><span style=\"color: rgb(102, 102, 102); font-family: 微软雅黑; background-color: rgb(249, 249, 249);\">国家平台建立了报错联系处理机制和系统应急处理机制，随时响应处理问题。异地就医人员如果持卡结算时报错，请首先确认本人是否备案了，就医的医院是不是跨省定点医疗机构，这两点都没问题，请医疗机构医保办工作人员帮助联系定点医疗机构所属的统筹地区社保经办机构，第一时间排查解决持卡结算问题。</span><br/><strong style=\"color: rgb(102, 102, 102); font-family: 微软雅黑; white-space: normal; background-color: rgb(249, 249, 249);\">8.选择跨省定点医疗机构方便吗？</strong><br/><span style=\"color: rgb(102, 102, 102); font-family: 微软雅黑; background-color: rgb(249, 249, 249); line-height: 2em;\">&nbsp;&nbsp;&nbsp;&nbsp;&nbsp;&nbsp;</span><span style=\"color: rgb(102, 102, 102); font-family: 微软雅黑; background-color: rgb(249, 249, 249);\">人社部将继续扩大异地就医直接结算定点医疗机构数量，争取实现县级、重点乡镇和社区全覆盖，方便参保人员异地就医。</span><br/><span style=\"color: rgb(102, 102, 102); font-family: 微软雅黑; background-color: rgb(249, 249, 249); line-height: 2em;\">&nbsp;&nbsp;&nbsp;&nbsp;&nbsp;&nbsp;</span><span style=\"color: rgb(102, 102, 102); font-family: 微软雅黑; background-color: rgb(249, 249, 249);\">截至10月31日，全国跨省定点医疗机构增加到7688家，超过90%的三级定点医疗机构已联接入网，超过80%的区县至少有一家定点医疗机构可提供跨省异地就医住院医疗费用直接结算服务；</span><br/><span style=\"color: rgb(102, 102, 102); font-family: 微软雅黑; background-color: rgb(249, 249, 249); line-height: 2em;\">&nbsp;&nbsp;&nbsp;&nbsp;&nbsp;&nbsp;</span><span style=\"color: rgb(102, 102, 102); font-family: 微软雅黑; background-color: rgb(249, 249, 249);\">在现有医疗机构入网的基础上，逐步将更多符合条件的医疗机构纳入异地就医直接结算范围。</span><br/><strong style=\"color: rgb(102, 102, 102); font-family: 微软雅黑; white-space: normal; background-color: rgb(249, 249, 249);\">9. 补充保险、公务员医疗补助、大病保险等报销费用可在跨省异地就医定点医疗机构一并结算吗？？</strong><br/><span style=\"color: rgb(102, 102, 102); font-family: 微软雅黑; background-color: rgb(249, 249, 249); line-height: 2em;\">&nbsp;&nbsp;&nbsp;&nbsp;&nbsp;&nbsp;</span><span style=\"color: rgb(102, 102, 102); font-family: 微软雅黑; background-color: rgb(249, 249, 249);\">部分地区异地就医已实行一单结算，涉及基本医疗保险、大病保险等，参保人员在跨省异地住院发生的医疗费用，参保人员只结算应由个人承担的费用。具体情况要咨询参保地社保经办机构！</span><br/><strong style=\"color: rgb(102, 102, 102); font-family: 微软雅黑; white-space: normal; background-color: rgb(249, 249, 249);\">10. 如何获得异地就医的有关信息?</strong><br/><span style=\"color: rgb(102, 102, 102); font-family: 微软雅黑; background-color: rgb(249, 249, 249); line-height: 2em;\">&nbsp;&nbsp;&nbsp;&nbsp;&nbsp;&nbsp;</span><span style=\"color: rgb(102, 102, 102); font-family: 微软雅黑; background-color: rgb(249, 249, 249);\">请记住一个实用而功能强大的网址http://si.12333.gov.cn。这是全国医保联网的信息查询系统，有五大功能板块：异地定点医疗机构查询、参保人登记备案情况查询、异地就医经办机构查询、跨省异地就医费用查询、统筹区开通信息查询。</span><br/><span style=\"color: rgb(102, 102, 102); font-family: 微软雅黑; background-color: rgb(249, 249, 249); line-height: 2em;\">&nbsp;&nbsp;&nbsp;&nbsp;&nbsp;&nbsp;</span><span style=\"color: rgb(102, 102, 102); font-family: 微软雅黑; background-color: rgb(249, 249, 249);\">已经在参保地完成备案的人员，可以在网站上注册，完成实名验证后，即可在线查询本人备案登记和异地就医结算信息。</span></p>',1557112360,1,1,50),(58,50,'转发汕头市人社局关于城乡居民医保缴费截止','','转发汕头市人社局关于城乡居民医保缴费截止时间的通知','<p><span style=\"color: rgb(102, 102, 102); font-family: 微软雅黑; background-color: rgb(249, 249, 249);\">&nbsp;</span><strong style=\"color: rgb(102, 102, 102); font-family: 微软雅黑; white-space: normal; background-color: rgb(249, 249, 249);\">[</strong><strong style=\"color: rgb(102, 102, 102); font-family: 微软雅黑; white-space: normal; background-color: rgb(249, 249, 249);\">头条关注]2016年度城乡居民医保缴费将于12月10日截止，请及时办理！&nbsp;</strong><br/><span style=\"color: rgb(102, 102, 102); font-family: 微软雅黑; background-color: rgb(249, 249, 249);\">&nbsp;</span><br/><span style=\"color: rgb(102, 102, 102); font-family: 微软雅黑; background-color: rgb(249, 249, 249);\">&nbsp;&nbsp; &nbsp;根据汕头市人民政府办公室《关于调整我市城乡居民基本医疗保险缴费及待遇标准有关问题的通知》（汕府办〔2015〕54号），2016年城乡居民基本医疗保险缴费标准统一为</span><strong style=\"color: rgb(102, 102, 102); font-family: 微软雅黑; white-space: normal; background-color: rgb(249, 249, 249);\">每人每年120元</strong><span style=\"color: rgb(102, 102, 102); font-family: 微软雅黑; background-color: rgb(249, 249, 249);\">，并在住院医疗费用报销比例和大病保险待遇标准方面进行了调整提高，进一步提高参保人医疗保障水平。</span><br/><span style=\"color: rgb(102, 102, 102); font-family: 微软雅黑; background-color: rgb(249, 249, 249);\">&nbsp;&nbsp;&nbsp; &nbsp;我市2016年城乡居民基本医疗保险征缴工作已于9月1日启动，并将于12月10日前截止受理。为保障2016年度的居民医保待遇，再次提醒我市居民医保参保群众应于规定时限前到所属区（县）人社所及时办理缴费参保手续。特别是通过银行卡关联缴费的群众，应及时留意账户余额情况，确保存入足额资金以供扣款缴费。</span></p>',1557112388,1,1,50),(59,51,'健康管理中心体检温馨提示','','健康管理中心体检温馨提示','<p><span style=\"color: rgb(102, 102, 102); font-family: 微软雅黑; background-color: rgb(249, 249, 249);\">&nbsp; 1.上班时间：周一至周五上午7:30至12:00、下午2:30至5:30，空腹检查项目建议在上午10:30前检查，其他特殊项目请提前预约安排。</span><br/><span style=\"color: rgb(102, 102, 102); font-family: 微软雅黑; background-color: rgb(249, 249, 249);\">&nbsp; &nbsp; &nbsp; 地址：汕头市东厦南路52号汕头大学医学院第一附属医院科教楼三楼健康管理中心。</span><br/><span style=\"color: rgb(102, 102, 102); font-family: 微软雅黑; background-color: rgb(249, 249, 249);\">&nbsp; &nbsp; &nbsp; 咨询热线：0754-88635805、0754-88905361</span><br/><span style=\"color: rgb(102, 102, 102); font-family: 微软雅黑; background-color: rgb(249, 249, 249);\">&nbsp; &nbsp; &nbsp; 停车场：健康管理中心正门西侧、汕头大学医学院第一附属医院、艺都电影院停车场均可停车。</span><br/><span style=\"color: rgb(102, 102, 102); font-family: 微软雅黑; background-color: rgb(249, 249, 249);\">&nbsp; &nbsp; &nbsp; 公交线路乘车温馨提醒：</span><br/><span style=\"color: rgb(102, 102, 102); font-family: 微软雅黑; background-color: rgb(249, 249, 249);\">&nbsp; &nbsp; &nbsp; 长平路：乘坐1、12、24、28、39路到长平东厦路口站下车；</span><br/><span style=\"color: rgb(102, 102, 102); font-family: 微软雅黑; background-color: rgb(249, 249, 249);\">&nbsp; &nbsp; &nbsp; 东厦路：乘坐3、23、35、101路到汕头附属一医院站下车；</span><br/><span style=\"color: rgb(102, 102, 102); font-family: 微软雅黑; background-color: rgb(249, 249, 249);\">&nbsp; &nbsp; &nbsp; 金砂路：乘坐2、4、6、11、18、33、37、38路到国际大酒店站下车。</span><br/><span style=\"color: rgb(102, 102, 102); font-family: 微软雅黑; background-color: rgb(249, 249, 249);\">&nbsp; &nbsp; &nbsp; 2.各体检项目地点：放射线检查（X线检查）在一楼放射检查室，其他项目在三楼健康管理中心。</span><br/><span style=\"color: rgb(102, 102, 102); font-family: 微软雅黑; background-color: rgb(249, 249, 249);\">&nbsp; &nbsp; &nbsp;</span><strong style=\"color: rgb(102, 102, 102); font-family: 微软雅黑; white-space: normal; background-color: rgb(249, 249, 249);\">&nbsp;3.体检注意事项：</strong><br/><span style=\"color: rgb(102, 102, 102); font-family: 微软雅黑; background-color: rgb(249, 249, 249);\">&nbsp; &nbsp; &nbsp; ① 到达体检中心后请到前台领取体检指引单，领单后首先到彩超室排B超号。</span><br/><span style=\"color: rgb(102, 102, 102); font-family: 微软雅黑; background-color: rgb(249, 249, 249);\">&nbsp; &nbsp; &nbsp; ② 体检前一天晚上10点至抽血前请不要饮水并禁食，以免影响检查结果；</span><br/><span style=\"color: rgb(102, 102, 102); font-family: 微软雅黑; background-color: rgb(249, 249, 249);\">&nbsp; &nbsp; &nbsp; ③ 体检时请按照体检指引单内容逐项检查，若主动放弃检查某一项检查造成漏诊，会影响您的健康状 &nbsp; &nbsp; &nbsp; &nbsp;况评估；</span><br/><span style=\"color: rgb(102, 102, 102); font-family: 微软雅黑; background-color: rgb(249, 249, 249);\">&nbsp; &nbsp; &nbsp; ④ 完成所有检查项目后，请将体检指引单交给前台工作人员；</span><br/><span style=\"color: rgb(102, 102, 102); font-family: 微软雅黑; background-color: rgb(249, 249, 249);\">&nbsp; &nbsp; &nbsp; ⑤ 体检过程，请注意保管好自己的随身携带物品及资料。</span><br/><span style=\"color: rgb(102, 102, 102); font-family: 微软雅黑; background-color: rgb(249, 249, 249);\">&nbsp; &nbsp; &nbsp;</span><strong style=\"color: rgb(102, 102, 102); font-family: 微软雅黑; white-space: normal; background-color: rgb(249, 249, 249);\">&nbsp;4.需要体检者空腹检查的项目：</strong><br/><span style=\"color: rgb(102, 102, 102); font-family: 微软雅黑; background-color: rgb(249, 249, 249);\">&nbsp; &nbsp; &nbsp; ① 采血检查项目；② 彩超检查肝胆胰；③ 上消化道钡餐透视；④ 胃镜检查。</span><br/><span style=\"color: rgb(102, 102, 102); font-family: 微软雅黑; background-color: rgb(249, 249, 249);\">&nbsp; &nbsp; &nbsp;</span><strong style=\"color: rgb(102, 102, 102); font-family: 微软雅黑; white-space: normal; background-color: rgb(249, 249, 249);\">&nbsp;5.需要体检者憋尿检查的项目：</strong><br/><span style=\"color: rgb(102, 102, 102); font-family: 微软雅黑; background-color: rgb(249, 249, 249);\">&nbsp; &nbsp; &nbsp; ① 彩超检查子宫及附件；② 彩超检查膀胱、前列腺；</span><br/><span style=\"color: rgb(102, 102, 102); font-family: 微软雅黑; background-color: rgb(249, 249, 249);\">&nbsp; &nbsp; &nbsp; （若尿量不足需要饮水者，应在采血及检查完肝胆胰彩超后才能喝水。）</span><br/><span style=\"color: rgb(102, 102, 102); font-family: 微软雅黑; background-color: rgb(249, 249, 249);\">&nbsp; &nbsp; &nbsp;</span><strong style=\"color: rgb(102, 102, 102); font-family: 微软雅黑; white-space: normal; background-color: rgb(249, 249, 249);\">&nbsp;6.女性检查者须知：</strong><br/><span style=\"color: rgb(102, 102, 102); font-family: 微软雅黑; background-color: rgb(249, 249, 249);\">&nbsp; &nbsp; &nbsp; 体检时请勿穿连衣裙及连裤袜；进行妇科检查前应排空膀胱；月经期间请不要做妇科检查及尿常规检 &nbsp; &nbsp; &nbsp; &nbsp;查；未婚女性请不要做妇科检查。</span><br/><span style=\"color: rgb(102, 102, 102); font-family: 微软雅黑; background-color: rgb(249, 249, 249);\">&nbsp; &nbsp;&nbsp;</span><strong style=\"color: rgb(102, 102, 102); font-family: 微软雅黑; white-space: normal; background-color: rgb(249, 249, 249);\">&nbsp; 7.平时服用常规药的朋友须知：</strong><br/><span style=\"color: rgb(102, 102, 102); font-family: 微软雅黑; background-color: rgb(249, 249, 249);\">&nbsp; &nbsp; &nbsp; 平时服用常规药如降糖药、降压药等，请体检时随身携带。</span><br/><span style=\"color: rgb(102, 102, 102); font-family: 微软雅黑; background-color: rgb(249, 249, 249);\">&nbsp; &nbsp; &nbsp;</span><strong style=\"color: rgb(102, 102, 102); font-family: 微软雅黑; white-space: normal; background-color: rgb(249, 249, 249);\">&nbsp;8.放射线检查须知：</strong><br/><span style=\"color: rgb(102, 102, 102); font-family: 微软雅黑; background-color: rgb(249, 249, 249);\">&nbsp; &nbsp; &nbsp; X线检查时，宜穿棉布内衣，勿穿戴有金属纽扣的衣服、胸罩；检查前请取下项链、胸饰、手机、钢 &nbsp; &nbsp; &nbsp; &nbsp; &nbsp;笔、钥匙等金属物品；怀孕或者可能受孕的女性体检者，</span><span style=\"text-decoration:underline;\"><strong>请勿进行</strong></span><span style=\"color: rgb(102, 102, 102); font-family: 微软雅黑; background-color: rgb(249, 249, 249);\">X线检查！</span><br/><span style=\"color: rgb(102, 102, 102); font-family: 微软雅黑; background-color: rgb(249, 249, 249);\">&nbsp;</span><br/><span style=\"color: rgb(102, 102, 102); font-family: 微软雅黑; background-color: rgb(249, 249, 249);\">&nbsp; &nbsp; &nbsp; 体检过程，如有任何疑问，请随时与我们的工作人员联系，我们将竭诚为您解决各种问题！谢谢您的支持与配合！</span></p>',1557112413,1,1,50),(60,52,'出诊信息','','出诊信息','<table><tbody><tr class=\"firstRow\"><td width=\"222\" valign=\"top\" style=\"word-break: break-all;\">医生名称</td><td width=\"222\" valign=\"top\" style=\"word-break: break-all;\">职称<br/></td><td width=\"222\" valign=\"top\" style=\"word-break: break-all;\">门诊科室</td><td width=\"222\" valign=\"top\" style=\"word-break: break-all;\">出诊时间</td></tr><tr><td width=\"222\" valign=\"top\" style=\"word-break: break-all;\"><a href=\"http://www.stuh.com.cn/index.php?m=content&c=index&a=show&catid=63&id=464\" style=\"text-decoration-line: none; font-family: 微软雅黑; font-size: 15px; color: rgb(0, 0, 0); text-align: center; white-space: normal; background-color: rgb(255, 255, 255);\">姬广福</a></td><td width=\"222\" valign=\"top\" style=\"word-break: break-all;\"><span style=\"font-family: 微软雅黑; font-size: 15px; text-align: center; background-color: rgb(255, 255, 255);\">主任医师</span></td><td width=\"222\" valign=\"top\" style=\"word-break: break-all;\"><span style=\"font-family: 微软雅黑; font-size: 15px; text-align: center; background-color: rgb(255, 255, 255);\">龙湖医院脑科中心</span></td><td width=\"222\" valign=\"top\" style=\"word-break: break-all;\">特约</td></tr><tr><td width=\"222\" valign=\"top\" style=\"word-break: break-all;\"><a href=\"http://www.stuh.com.cn/index.php?m=content&c=index&a=show&catid=63&id=463\" style=\"text-decoration-line: none; font-family: 微软雅黑; font-size: 15px; color: rgb(0, 0, 0); text-align: center; white-space: normal; background-color: rgb(255, 255, 255);\">陈剑</a></td><td width=\"222\" valign=\"top\" style=\"word-break: break-all;\"><span style=\"font-family: 微软雅黑; font-size: 15px; text-align: center; background-color: rgb(255, 255, 255);\">主任医师</span></td><td width=\"222\" valign=\"top\" style=\"word-break: break-all;\"><span style=\"font-family: 微软雅黑; font-size: 15px; text-align: center; background-color: rgb(255, 255, 255);\">中医门诊</span></td><td width=\"222\" valign=\"top\" style=\"word-break: break-all;\"><span style=\"font-family: 微软雅黑; font-size: 15px; text-align: center; background-color: rgb(255, 255, 255);\">每周三上午</span></td></tr><tr><td width=\"222\" valign=\"top\" style=\"word-break: break-all;\"><a href=\"http://www.stuh.com.cn/index.php?m=content&c=index&a=show&catid=63&id=462\" style=\"text-decoration-line: none; font-family: 微软雅黑; font-size: 15px; color: rgb(0, 0, 0); text-align: center; white-space: normal; background-color: rgb(255, 255, 255);\">纪璇</a></td><td width=\"222\" valign=\"top\" style=\"word-break: break-all;\"><span style=\"font-family: 微软雅黑; font-size: 15px; text-align: center; background-color: rgb(255, 255, 255);\">副主任中医师</span></td><td width=\"222\" valign=\"top\" style=\"word-break: break-all;\"><span style=\"font-family: 微软雅黑; font-size: 15px; text-align: center; background-color: rgb(255, 255, 255);\">中医门诊</span></td><td width=\"222\" valign=\"top\" style=\"word-break: break-all;\"><span style=\"font-family: 微软雅黑; font-size: 15px; text-align: center; background-color: rgb(255, 255, 255);\">每周五上午</span></td></tr><tr><td width=\"222\" valign=\"top\" style=\"word-break: break-all;\"><a href=\"http://www.stuh.com.cn/index.php?m=content&c=index&a=show&catid=63&id=461\" style=\"text-decoration-line: none; font-family: 微软雅黑; font-size: 15px; color: rgb(0, 0, 0); text-align: center; white-space: normal; background-color: rgb(255, 255, 255);\">王春扬</a></td><td width=\"222\" valign=\"top\" style=\"word-break: break-all;\"><span style=\"font-family: 微软雅黑; font-size: 15px; text-align: center; background-color: rgb(255, 255, 255);\">副主任中医师</span></td><td width=\"222\" valign=\"top\" style=\"word-break: break-all;\"><span style=\"font-family: 微软雅黑; font-size: 15px; text-align: center; background-color: rgb(255, 255, 255);\">龙湖</span><span style=\"font-family: 微软雅黑; font-size: 15px; text-align: center; background-color: rgb(255, 255, 255);\">医院脑科中心</span></td><td width=\"222\" valign=\"top\" style=\"word-break: break-all;\"><span style=\"font-family: 微软雅黑; font-size: 15px; text-align: center; background-color: rgb(255, 255, 255);\">每周二下午</span></td></tr></tbody></table><p><br/></p>',1557112607,1,1,50),(61,56,'汕头大学医学院第一附属医院 伦理委员会章','','汕头大学医学院第一附属医院 伦理委员会章程','<p><strong>汕头大学医学院第一附属医院</strong><br/><strong>伦理委员会章程</strong></p><p>2014年11月12日汕头大学医学院第一附属医院院务会通过<br/>&nbsp;<br/><strong>第一章 &nbsp;总 &nbsp;则</strong><br/>&nbsp;</p><p><strong style=\"color: rgb(102, 102, 102); font-family: 微软雅黑; font-size: 14px; white-space: normal; background-color: rgb(249, 249, 249);\">&nbsp; &nbsp; &nbsp; &nbsp;第一条</strong><span style=\"color: rgb(102, 102, 102); font-family: 微软雅黑; font-size: 14px; background-color: rgb(249, 249, 249);\">&nbsp;&nbsp;为保护临床研究受试者的权益和安全，规范本伦理委员会的组织和运作，根据国家食品药品监督管理局“药物临床试验质量管理规范”（2003年），“医疗器械临床试验规定”（2004年），“药物临床试验伦理审查工作指导原则”（2010年），卫生部“涉及人的生物医学研究伦理审查办法（试行）”（2007年），国家中医药管理局“中医药临床研究伦理审查管理规范”（2010年），制定本章程。</span><br/><span style=\"color: rgb(102, 102, 102); font-family: 微软雅黑; font-size: 14px; background-color: rgb(249, 249, 249);\">&nbsp; &nbsp; &nbsp; &nbsp;</span><strong style=\"color: rgb(102, 102, 102); font-family: 微软雅黑; font-size: 14px; white-space: normal; background-color: rgb(249, 249, 249);\">第二条</strong><span style=\"color: rgb(102, 102, 102); font-family: 微软雅黑; font-size: 14px; background-color: rgb(249, 249, 249);\">&nbsp;&nbsp;伦理委员会的宗旨是通过对临床研究项目的科学性、伦理合理性进行审查，确保受试者尊严、安全和权益得到保护，促进生物医学研究达到科学和伦理的高标准，增强公众对临床研究的信任和支持。</span><br/><strong style=\"color: rgb(102, 102, 102); font-family: 微软雅黑; font-size: 14px; white-space: normal; background-color: rgb(249, 249, 249);\">&nbsp; &nbsp; &nbsp; &nbsp;第三条</strong><span style=\"color: rgb(102, 102, 102); font-family: 微软雅黑; font-size: 14px; background-color: rgb(249, 249, 249);\">&nbsp;&nbsp;伦理委员会依法在国家和所在省级食品药品监督管理局、卫生行政管理部门备案，接受政府的卫生行政管理部门、药监行政管理部门的指导和监督。</span><br/></p><p><strong>第二章 &nbsp;组 &nbsp;织</strong></p><p><span style=\"color: rgb(102, 102, 102); font-family: 微软雅黑; font-size: 14px; background-color: rgb(249, 249, 249);\">&nbsp;&nbsp;&nbsp;&nbsp;</span><br/><strong style=\"color: rgb(102, 102, 102); font-family: 微软雅黑; font-size: 14px; white-space: normal; background-color: rgb(249, 249, 249);\">&nbsp; &nbsp; &nbsp; &nbsp;第四条</strong><span style=\"color: rgb(102, 102, 102); font-family: 微软雅黑; font-size: 14px; background-color: rgb(249, 249, 249);\">&nbsp;&nbsp;伦理委员会名称：汕头大学医学院第一附属医院医院伦理委员会。</span><br/><span style=\"color: rgb(102, 102, 102); font-family: 微软雅黑; font-size: 14px; background-color: rgb(249, 249, 249);\">&nbsp; &nbsp; &nbsp; &nbsp;</span><strong style=\"color: rgb(102, 102, 102); font-family: 微软雅黑; font-size: 14px; white-space: normal; background-color: rgb(249, 249, 249);\">第五条</strong><span style=\"color: rgb(102, 102, 102); font-family: 微软雅黑; font-size: 14px; background-color: rgb(249, 249, 249);\">&nbsp;&nbsp;伦理委员会地址：广东省汕头市东厦南路52号科教楼809。</span><br/><span style=\"color: rgb(102, 102, 102); font-family: 微软雅黑; font-size: 14px; background-color: rgb(249, 249, 249);\">&nbsp; &nbsp; &nbsp; &nbsp;</span><strong style=\"color: rgb(102, 102, 102); font-family: 微软雅黑; font-size: 14px; white-space: normal; background-color: rgb(249, 249, 249);\">第六条</strong><span style=\"color: rgb(102, 102, 102); font-family: 微软雅黑; font-size: 14px; background-color: rgb(249, 249, 249);\">&nbsp;&nbsp;组织架构：本伦理委员会隶属汕头大学医学院第一附属医院医院，职能主管部门为院务会/院长办公室。伦理委员会下设办公室。</span><br/><span style=\"color: rgb(102, 102, 102); font-family: 微软雅黑; font-size: 14px; background-color: rgb(249, 249, 249);\">&nbsp; &nbsp; &nbsp; &nbsp;</span><strong style=\"color: rgb(102, 102, 102); font-family: 微软雅黑; font-size: 14px; white-space: normal; background-color: rgb(249, 249, 249);\">第七条&nbsp;</strong><span style=\"color: rgb(102, 102, 102); font-family: 微软雅黑; font-size: 14px; background-color: rgb(249, 249, 249);\">&nbsp;职责：伦理委员会对涉及人的生物医学研究项目的科学性和伦理合理性进行独立、称职和及时的审查。审查范围包括药物临床试验顼目、医疗器械临床试验项目、涉及人的临床科研项目。审查类别包括初始审查、跟踪审查和复审。伦理委员会办公室负责伦理委员会日常行政事务的管理工作。</span><br/><span style=\"color: rgb(102, 102, 102); font-family: 微软雅黑; font-size: 14px; background-color: rgb(249, 249, 249);\">&nbsp; &nbsp; &nbsp; &nbsp;</span><strong style=\"color: rgb(102, 102, 102); font-family: 微软雅黑; font-size: 14px; white-space: normal; background-color: rgb(249, 249, 249);\">第八条&nbsp;</strong><span style=\"color: rgb(102, 102, 102); font-family: 微软雅黑; font-size: 14px; background-color: rgb(249, 249, 249);\">&nbsp;权力：伦理委员会的运行独立于申办者、研究者，其工作不受任何组织和个人影响。伦理委员会有权批准／不批准一项临床研究，对批准的临床研究进行跟踪审查，终止或暂停已经批准的临床研究。</span><br/><span style=\"color: rgb(102, 102, 102); font-family: 微软雅黑; font-size: 14px; background-color: rgb(249, 249, 249);\">&nbsp; &nbsp; &nbsp; &nbsp;</span><strong style=\"color: rgb(102, 102, 102); font-family: 微软雅黑; font-size: 14px; white-space: normal; background-color: rgb(249, 249, 249);\">第九条</strong><span style=\"color: rgb(102, 102, 102); font-family: 微软雅黑; font-size: 14px; background-color: rgb(249, 249, 249);\">&nbsp;&nbsp;行政资源：医院为伦理委员会办公室提供必需的办公条件，设置独立的办公室，有可利用的档案室和会议室，能满足其职能的需求。医院任命足够数量的伦理委员会秘书与工作人员，满足伦理委员会高质量工作的需求。医院为委员、独立顾问、秘书与工作人员提供充分的培训，使其能够胜任工作。</span><br/><strong style=\"color: rgb(102, 102, 102); font-family: 微软雅黑; font-size: 14px; white-space: normal; background-color: rgb(249, 249, 249);\">&nbsp; &nbsp; &nbsp; &nbsp;第十条</strong><span style=\"color: rgb(102, 102, 102); font-family: 微软雅黑; font-size: 14px; background-color: rgb(249, 249, 249);\">&nbsp;&nbsp;财政资源：伦理委员会的行政经费列入医院财政预算。经费使用按照医院财务管理规定执行，可应要求公开支付给委员的劳务补偿。</span><br/><span style=\"color: rgb(102, 102, 102); font-family: 微软雅黑; font-size: 14px; background-color: rgb(249, 249, 249);\">&nbsp;</span></p><p><strong>第三章 &nbsp;组建与换届</strong></p><p><span style=\"color: rgb(102, 102, 102); font-family: 微软雅黑; font-size: 14px; background-color: rgb(249, 249, 249);\">&nbsp;&nbsp;&nbsp;&nbsp;</span><br/><strong style=\"color: rgb(102, 102, 102); font-family: 微软雅黑; font-size: 14px; white-space: normal; background-color: rgb(249, 249, 249);\">&nbsp; &nbsp; &nbsp; &nbsp;第十一条</strong><span style=\"color: rgb(102, 102, 102); font-family: 微软雅黑; font-size: 14px; background-color: rgb(249, 249, 249);\">&nbsp;&nbsp;委员组成：伦理委员会委员的组成和数量应与所审查项目的专业类别和数量相符。委员包括医药专业人员、非医药专业人员、法律专家、与医院不存在行政隶属关系的外单位的人员，并有不同性别的委员；委员人数不少于5人。</span><br/><span style=\"color: rgb(102, 102, 102); font-family: 微软雅黑; font-size: 14px; background-color: rgb(249, 249, 249);\">&nbsp; &nbsp; &nbsp; &nbsp;</span><strong style=\"color: rgb(102, 102, 102); font-family: 微软雅黑; font-size: 14px; white-space: normal; background-color: rgb(249, 249, 249);\">第十二条</strong><span style=\"color: rgb(102, 102, 102); font-family: 微软雅黑; font-size: 14px; background-color: rgb(249, 249, 249);\">&nbsp;&nbsp;委员的招募／推荐：伦理委员会主管部门采用公开招募的方式，结合有关各方的推荐并征询本人意见，确定委员候选人名单。</span><br/><span style=\"color: rgb(102, 102, 102); font-family: 微软雅黑; font-size: 14px; background-color: rgb(249, 249, 249);\">&nbsp; &nbsp; &nbsp; &nbsp;</span><strong style=\"color: rgb(102, 102, 102); font-family: 微软雅黑; font-size: 14px; white-space: normal; background-color: rgb(249, 249, 249);\">第十三条</strong><span style=\"color: rgb(102, 102, 102); font-family: 微软雅黑; font-size: 14px; background-color: rgb(249, 249, 249);\">&nbsp;&nbsp;任命的机构与程序：医院院务常委会负责伦理委员会委员的任命事项。伦理委员会委员候选人员名单提交院务常委会审查讨论并任命。当选委员以医院正式文件的方式任命。</span><br/><span style=\"color: rgb(102, 102, 102); font-family: 微软雅黑; font-size: 14px; background-color: rgb(249, 249, 249);\">&nbsp; &nbsp; &nbsp; &nbsp;接受任命的伦理委员会委员应参加生物医学研究伦理、GCP和伦理审查方面的培训；应提交本人简历、资质证明文件，GCP与伦理审查培训证书；应同意并签署AF/ZZ-01/01.0利益冲突声明，AF/22-02/01.0保密承诺。</span><br/><span style=\"color: rgb(102, 102, 102); font-family: 微软雅黑; font-size: 14px; background-color: rgb(249, 249, 249);\">&nbsp; &nbsp; &nbsp; &nbsp;</span><strong style=\"color: rgb(102, 102, 102); font-family: 微软雅黑; font-size: 14px; white-space: normal; background-color: rgb(249, 249, 249);\">第十四条</strong><span style=\"color: rgb(102, 102, 102); font-family: 微软雅黑; font-size: 14px; background-color: rgb(249, 249, 249);\">&nbsp;&nbsp;主任委员：伦理委员会设主任委员1名，副主任委员1名。主任委员和副主任委员由医院院务常委会任命。主任委员负责主持伦理委员会工作，负责主持审查会议，审签会议记录与审查决定文件。主任委员缺席时，可以委托副主任委员接替主任委员的职责。</span><br/><span style=\"color: rgb(102, 102, 102); font-family: 微软雅黑; font-size: 14px; background-color: rgb(249, 249, 249);\">&nbsp; &nbsp; &nbsp; &nbsp;</span><strong style=\"color: rgb(102, 102, 102); font-family: 微软雅黑; font-size: 14px; white-space: normal; background-color: rgb(249, 249, 249);\">第十五条</strong><span style=\"color: rgb(102, 102, 102); font-family: 微软雅黑; font-size: 14px; background-color: rgb(249, 249, 249);\">&nbsp;&nbsp;任期：伦理委员会每届任期3年。</span><br/><span style=\"color: rgb(102, 102, 102); font-family: 微软雅黑; font-size: 14px; background-color: rgb(249, 249, 249);\">&nbsp; &nbsp; &nbsp; &nbsp;</span><strong style=\"color: rgb(102, 102, 102); font-family: 微软雅黑; font-size: 14px; white-space: normal; background-color: rgb(249, 249, 249);\">第十六条</strong><span style=\"color: rgb(102, 102, 102); font-family: 微软雅黑; font-size: 14px; background-color: rgb(249, 249, 249);\">&nbsp;&nbsp;换届：期满换届应考虑保证伦理委员会工作的连续性，审查能力的发展，委员的专业类别，以及不断吸收新的观点和方法。换届候选委员采用公开招募、有关各方和委员推荐的方式产生，医院院务常委会任命。</span><br/><span style=\"color: rgb(102, 102, 102); font-family: 微软雅黑; font-size: 14px; background-color: rgb(249, 249, 249);\">&nbsp; &nbsp; &nbsp; &nbsp;</span><strong style=\"color: rgb(102, 102, 102); font-family: 微软雅黑; font-size: 14px; white-space: normal; background-color: rgb(249, 249, 249);\">第十七条</strong><span style=\"color: rgb(102, 102, 102); font-family: 微软雅黑; font-size: 14px; background-color: rgb(249, 249, 249);\">&nbsp;&nbsp;免职：以下情况可以免去委员资格：本人书面申请辞去委员职务者；因各种原因长期无法参加伦理审查会议者；因健康或工作调离等原因，不能继续履行委员职责者；因行为道德规范与委员职责相违背（如与审查项目存在利益冲突而不主动声明），不适宜继续担任委员者。</span><br/><span style=\"color: rgb(102, 102, 102); font-family: 微软雅黑; font-size: 14px; background-color: rgb(249, 249, 249);\">&nbsp; &nbsp; &nbsp; &nbsp;免职程序：免职由院务常委会讨论决定，同意免职的票数应超过法定到会人数的半数；如果医院院务常委会委员是被提议免职的委员，应从讨论决定程序中退出。免职决定以医院正式文件的方式公布。</span><br/><span style=\"color: rgb(102, 102, 102); font-family: 微软雅黑; font-size: 14px; background-color: rgb(249, 249, 249);\">&nbsp; &nbsp; &nbsp; &nbsp;</span><strong style=\"color: rgb(102, 102, 102); font-family: 微软雅黑; font-size: 14px; white-space: normal; background-color: rgb(249, 249, 249);\">第十八条</strong><span style=\"color: rgb(102, 102, 102); font-family: 微软雅黑; font-size: 14px; background-color: rgb(249, 249, 249);\">&nbsp;&nbsp;替换：因委员辞职或免职，可以启动委员替换程序。根据资质、专业相当的原则招募／推荐候选替补委员，替补委员由院务常委会审查讨论并任命。当选的替补委员以医院正式文件的方式任命。</span><br/><strong style=\"color: rgb(102, 102, 102); font-family: 微软雅黑; font-size: 14px; white-space: normal; background-color: rgb(249, 249, 249);\">&nbsp; &nbsp; &nbsp; &nbsp;第十九条&nbsp;</strong><span style=\"color: rgb(102, 102, 102); font-family: 微软雅黑; font-size: 14px; background-color: rgb(249, 249, 249);\">&nbsp;独立顾问：如果委员专业知识不能胜任某临床研究项目的审查，或某临床研究项目的受试者与委员的社会与文化背景明显不同时，可以聘请独立顾问。独立顾问应提交本人简历、资质证明文件，签署保密承诺与利益冲突声明。独立顾问应邀对临床研究项目的某方面问题提供咨询意见，但不具有表决权。</span><br/><strong style=\"color: rgb(102, 102, 102); font-family: 微软雅黑; font-size: 14px; white-space: normal; background-color: rgb(249, 249, 249);\">&nbsp; &nbsp; &nbsp; &nbsp;第二十条</strong><span style=\"color: rgb(102, 102, 102); font-family: 微软雅黑; font-size: 14px; background-color: rgb(249, 249, 249);\">&nbsp;&nbsp;办公室人员：办公室设主任1名，秘书1名。</span><br/><span style=\"color: rgb(102, 102, 102); font-family: 微软雅黑; font-size: 14px; background-color: rgb(249, 249, 249);\">&nbsp;</span></p><p><strong>第四章 &nbsp;运 &nbsp;作</strong></p><p><span style=\"color: rgb(102, 102, 102); font-family: 微软雅黑; font-size: 14px; background-color: rgb(249, 249, 249);\">&nbsp;&nbsp;&nbsp;&nbsp;</span><br/><strong style=\"color: rgb(102, 102, 102); font-family: 微软雅黑; font-size: 14px; white-space: normal; background-color: rgb(249, 249, 249);\">&nbsp; &nbsp; &nbsp; &nbsp;第二十一条</strong><span style=\"color: rgb(102, 102, 102); font-family: 微软雅黑; font-size: 14px; background-color: rgb(249, 249, 249);\">&nbsp;&nbsp;审查方式：伦理委员会的审查方式有会议审查，紧急会议审查，快速审查。实行主审制，每个审查项目应安排主审委员，填写审查工作表。会议审查是伦理委员会主要的审查工作方式，委员应在会前预审送审项目。研究过程中出现重大或严重问题，危及受试者安全，应召开紧急会议审查。快速审查是会议审查的补充形式，目的是为了提高工作效率，主要适用于临床研究方案的较小修正，不影响试验的风险受益比；尚未纳入受试者的研究项目的年度／定期跟踪审查；预期严重不良事件审查。</span><br/><span style=\"color: rgb(102, 102, 102); font-family: 微软雅黑; font-size: 14px; background-color: rgb(249, 249, 249);\">&nbsp; &nbsp; &nbsp; &nbsp;</span><strong style=\"color: rgb(102, 102, 102); font-family: 微软雅黑; font-size: 14px; white-space: normal; background-color: rgb(249, 249, 249);\">第二十二条</strong><span style=\"color: rgb(102, 102, 102); font-family: 微软雅黑; font-size: 14px; background-color: rgb(249, 249, 249);\">&nbsp;&nbsp;法定到会人数：到会委员人数应超过半数成员；到会委员应包括医药专业、非医药专业、独立于研究实施机构之外的委员，并有不同性别的委员。</span><br/><span style=\"color: rgb(102, 102, 102); font-family: 微软雅黑; font-size: 14px; background-color: rgb(249, 249, 249);\">&nbsp; &nbsp; &nbsp; &nbsp;</span><strong style=\"color: rgb(102, 102, 102); font-family: 微软雅黑; font-size: 14px; white-space: normal; background-color: rgb(249, 249, 249);\">第二十三条</strong><span style=\"color: rgb(102, 102, 102); font-family: 微软雅黑; font-size: 14px; background-color: rgb(249, 249, 249);\">&nbsp;&nbsp;决定的票数：超过到会委员半数票的意见作为审查决定。</span><br/><span style=\"color: rgb(102, 102, 102); font-family: 微软雅黑; font-size: 14px; background-color: rgb(249, 249, 249);\">&nbsp; &nbsp; &nbsp; &nbsp;</span><strong style=\"color: rgb(102, 102, 102); font-family: 微软雅黑; font-size: 14px; white-space: normal; background-color: rgb(249, 249, 249);\">第二十四条</strong><span style=\"color: rgb(102, 102, 102); font-family: 微软雅黑; font-size: 14px; background-color: rgb(249, 249, 249);\">&nbsp;&nbsp;利益冲突管理：每次审查／咨询研究项目时，与研究项目存在利益冲突的委员／独立顾问应主动声明并回避。制定利益冲突政策，识别任何与伦理审查和科学研究相关的利益冲突，并采取相应的管理措施。</span><br/><span style=\"color: rgb(102, 102, 102); font-family: 微软雅黑; font-size: 14px; background-color: rgb(249, 249, 249);\">&nbsp; &nbsp; &nbsp; &nbsp;</span><strong style=\"color: rgb(102, 102, 102); font-family: 微软雅黑; font-size: 14px; white-space: normal; background-color: rgb(249, 249, 249);\">第二十五条</strong><span style=\"color: rgb(102, 102, 102); font-family: 微软雅黑; font-size: 14px; background-color: rgb(249, 249, 249);\">&nbsp;&nbsp;保密：伦理委员会委员／独立顾问对送审项目的文件负有保密责任和义务，审查完成后，及时交回所有送审文件与审查材料，不得私自复制与外传。</span><br/><span style=\"color: rgb(102, 102, 102); font-family: 微软雅黑; font-size: 14px; background-color: rgb(249, 249, 249);\">&nbsp; &nbsp; &nbsp; &nbsp;</span><strong style=\"color: rgb(102, 102, 102); font-family: 微软雅黑; font-size: 14px; white-space: normal; background-color: rgb(249, 249, 249);\">第二十六条</strong><span style=\"color: rgb(102, 102, 102); font-family: 微软雅黑; font-size: 14px; background-color: rgb(249, 249, 249);\">&nbsp;&nbsp;协作：伦理委员会与医院所有与受试者保护相关的部门协同工作，明确各自在伦理审查和研究监管中的职责，保证本组织机构承担的以及在本组织机构内实施的所有涉及人的生物医学研究项目都提交伦理审查，所有涉及人的研究项目受试者的健康和权益得到保护；保证开展研究中所涉及的医院财政利益冲突、研究人员的个人经济利益冲突得到最大限度的减少或消除；有效的报告和处理违背法规与方案的情况；建立与受试者有效的沟通渠道，对受试者所关心的问题做出回应。建立与其它伦理委员会有效的沟通交流机制，协作完成多中心临床研究的伦理审查。</span><br/><strong style=\"color: rgb(102, 102, 102); font-family: 微软雅黑; font-size: 14px; white-space: normal; background-color: rgb(249, 249, 249);\">&nbsp; &nbsp; &nbsp; &nbsp;第二十七条</strong><span style=\"color: rgb(102, 102, 102); font-family: 微软雅黑; font-size: 14px; background-color: rgb(249, 249, 249);\">&nbsp;&nbsp;质量管理：伦理委员会接受医院主管部门对伦理委员会工作质量的定期评估；接受卫生行政部门、药品监督管理部门的监督管理；接受独立的、外部的质量评估或认证。伦理委员会对检查发现的问题采取相应的改进措施。</span><br/><strong style=\"color: rgb(102, 102, 102); font-family: 微软雅黑; font-size: 14px; white-space: normal; background-color: rgb(249, 249, 249);\">&nbsp; &nbsp; &nbsp; &nbsp;第二十八条</strong><span style=\"color: rgb(102, 102, 102); font-family: 微软雅黑; font-size: 14px; background-color: rgb(249, 249, 249);\">&nbsp;&nbsp;伦理委员会的主要职责</span><br/><span style=\"color: rgb(102, 102, 102); font-family: 微软雅黑; font-size: 14px; background-color: rgb(249, 249, 249);\">（一）审核涉及人体的药品临床试验、医疗技术、仪器设备、诊断试剂以及其他涉及生物医学研究的行为是否符合医学伦理道德要求；</span><br/><span style=\"color: rgb(102, 102, 102); font-family: 微软雅黑; font-size: 14px; background-color: rgb(249, 249, 249);\">（二）审核临床科研、教学及其成果的医学伦理道德问题；</span><br/><span style=\"color: rgb(102, 102, 102); font-family: 微软雅黑; font-size: 14px; background-color: rgb(249, 249, 249);\">（三）对已审批的研究进行监督和检查。审查项目出现的严重不良事件；</span><br/><span style=\"color: rgb(102, 102, 102); font-family: 微软雅黑; font-size: 14px; background-color: rgb(249, 249, 249);\">（四）通知没有预见的安全问题，并监督缺陷的整改；</span><br/><span style=\"color: rgb(102, 102, 102); font-family: 微软雅黑; font-size: 14px; background-color: rgb(249, 249, 249);\">（五）进行有关医学伦理学的国际原则、政策法规、道德规范的咨询，组织专题培训班或参加研讨会；</span><br/><span style=\"color: rgb(102, 102, 102); font-family: 微软雅黑; font-size: 14px; background-color: rgb(249, 249, 249);\">（六）对审查的项目进行保密；</span><br/><span style=\"color: rgb(102, 102, 102); font-family: 微软雅黑; font-size: 14px; background-color: rgb(249, 249, 249);\">（七）遵守有关利益冲突的规定</span><br/><span style=\"color: rgb(102, 102, 102); font-family: 微软雅黑; font-size: 14px; background-color: rgb(249, 249, 249);\">（八）伦理委员会的组织和工作应是独立的，不受任何参与试验的申办者、研究者的影响。伦理审查委员会和知情同意书是保障受试者的主要措施。</span><br/><strong style=\"color: rgb(102, 102, 102); font-family: 微软雅黑; font-size: 14px; white-space: normal; background-color: rgb(249, 249, 249);\">&nbsp; &nbsp; &nbsp; &nbsp;第二十九条</strong><span style=\"color: rgb(102, 102, 102); font-family: 微软雅黑; font-size: 14px; background-color: rgb(249, 249, 249);\">&nbsp;&nbsp;伦理审查委员会审批工作程序</span><br/><span style=\"color: rgb(102, 102, 102); font-family: 微软雅黑; font-size: 14px; background-color: rgb(249, 249, 249);\">（一）申请者向伦理审查委员会提出申请并提供必要的资料：申请报告；主管部门的有关批件；技术质量检查或药品检查报告；临床前和临床有关资料，知情同意书样本，试验研究/治疗方案等。（详细参见伦理审查申请指南）</span><br/><span style=\"color: rgb(102, 102, 102); font-family: 微软雅黑; font-size: 14px; background-color: rgb(249, 249, 249);\">（二）伦理审查委员会应在接到申请后定期召开会议，审查讨论。每次会议参会人数不应少于总人数的1/2。对申报方案的审查意见应在讨论后，以投票方式做出决定。必要时，可邀请非委员专家出席会议，但非委员专家不参加投票。</span><br/><span style=\"color: rgb(102, 102, 102); font-family: 微软雅黑; font-size: 14px; background-color: rgb(249, 249, 249);\">（三）审议后，主任委员签发书面意见，并附上出席会议人员的名单、专业情况及签名。伦理委员会的意见可以是：Ⅰ．同意 Ⅱ．作必要修改后同意 Ⅲ．作必要修正后重审 Ⅳ不同意 Ⅴ 终止/暂停已批准的项目。</span><br/><strong style=\"color: rgb(102, 102, 102); font-family: 微软雅黑; font-size: 14px; white-space: normal; background-color: rgb(249, 249, 249);\">&nbsp; &nbsp; &nbsp; &nbsp;第三十条</strong><span style=\"color: rgb(102, 102, 102); font-family: 微软雅黑; font-size: 14px; background-color: rgb(249, 249, 249);\">&nbsp;&nbsp;伦理审查委员会对临床试验方案的审查，主要是看是否符合《赫尔辛基宣言》等伦理道德标准。其内容主要包括：</span><br/><span style=\"color: rgb(102, 102, 102); font-family: 微软雅黑; font-size: 14px; background-color: rgb(249, 249, 249);\">（一）研究人员的资历、能力，人员配备及设备条件是否符合要求。</span><br/><span style=\"color: rgb(102, 102, 102); font-family: 微软雅黑; font-size: 14px; background-color: rgb(249, 249, 249);\">（二）试验/治疗方案是否适当，并且在试验全过程中使受试者在试验中可能获得的治疗利益大于承受的风险。方案应事先确定在什么条件下必须终止试验，以保护受试者尽可能避免伤害。试验设计前应充分掌握情报资料；了解药物、技术、仪器、设备等的安全性和有效性，力求提高疗效，减少不良反应。</span><br/><span style=\"color: rgb(102, 102, 102); font-family: 微软雅黑; font-size: 14px; background-color: rgb(249, 249, 249);\">（三）受试对象的选择是否合理，受试者入选的方法和向受试者或其家属或监护人或法定代理人提供有关的信息资料是否完整、易懂，获取知情同意书的方法是否适当。</span><br/><span style=\"color: rgb(102, 102, 102); font-family: 微软雅黑; font-size: 14px; background-color: rgb(249, 249, 249);\">（四）受试者因参加临床试验而受到损害，甚至发生死亡时如何给以治疗或补偿以及相应的保险措施。</span><br/><span style=\"color: rgb(102, 102, 102); font-family: 微软雅黑; font-size: 14px; background-color: rgb(249, 249, 249);\">（五）临床试验的最后结果要对病人有利。</span><br/><span style=\"color: rgb(102, 102, 102); font-family: 微软雅黑; font-size: 14px; background-color: rgb(249, 249, 249);\">（六）对试验方案提出的修正意见是否可接受。</span><br/><span style=\"color: rgb(102, 102, 102); font-family: 微软雅黑; font-size: 14px; background-color: rgb(249, 249, 249);\">（七）审查受试者所承受风险的程度。</span><br/><strong style=\"color: rgb(102, 102, 102); font-family: 微软雅黑; font-size: 14px; white-space: normal; background-color: rgb(249, 249, 249);\">&nbsp; &nbsp; &nbsp; &nbsp;第三十一条</strong><span style=\"color: rgb(102, 102, 102); font-family: 微软雅黑; font-size: 14px; background-color: rgb(249, 249, 249);\">&nbsp;&nbsp;任何受试者在参加试验前必须获得知情同意书，经仔细阅读、充分考虑后做出自愿参加试验的决定，并签署姓名和日期。同时允许受试者在任何阶段退出受试。</span><br/><strong style=\"color: rgb(102, 102, 102); font-family: 微软雅黑; font-size: 14px; white-space: normal; background-color: rgb(249, 249, 249);\">&nbsp; &nbsp; &nbsp; &nbsp;第三十二条&nbsp;</strong><span style=\"color: rgb(102, 102, 102); font-family: 微软雅黑; font-size: 14px; background-color: rgb(249, 249, 249);\">&nbsp;伦理审查委员会所有会议及其决议均应书面纪录。记录保录及申报审核资料应保存到试验结束后5年。</span></p><p><br/></p>',1557112682,1,1,50),(62,57,'我院全科医学规培医生入围首届“治趣杯”','','我院全科医学规培医生入围首届“治趣杯”全国临床思维病例挑战赛决赛','<p style=\"margin-top: 0px; margin-bottom: 0px; padding: 0px; outline: none; color: rgb(102, 102, 102); font-family: 微软雅黑; font-size: 14px; white-space: normal; background-color: rgb(249, 249, 249);\"><span style=\"line-height: 2em;\"><span style=\"font-size: 16px;\">由治趣在线虚拟诊疗平台与人民卫生出版社、华医网等六大优秀平台联合举办的全国首届“治趣杯”全国临床思维病例挑战赛于2017年12月8日正式启动。汕头大学医学院首批全科医学研究生、汕头大学医学院第一附属医院全科医学规范化培训学员彭长妹过五关斩六将，在万千挑战者中脱颖而出，顺利晋级全国决赛！<br/>&nbsp; &nbsp; “临床思维”能力是临床医师最重要的基本功，也是考核医生及医学生的重要指标之一。随着医改的不断深入，国家对医生、医学生在“临床思维”方面的要求更加明确，无论是执医考试、考研升学，还是医学领域的技能竞赛，都把“临床思维”纳入了考核范畴。在这样的趋势下，大到教育部组织的临床技能大赛、各医学院校的毕业考试，小到教学或者附属医院的出科考核，都纳入了“临床思维考核”项目。我院依托汕头大学医学院平台，传统教学氛围好，注意医教结合，重视对住院医师临床思维的训练与考核，培养了一批优秀的医生。<br/>&nbsp; &nbsp; &nbsp; 此次全国临床思维病历挑战赛由来自全国31省市自治区的400余家大型医疗/医学教育机构参与，共计91157人报名参加比赛。比赛分为住院医师组、医学生组和临床医师组，经过全国初赛和复赛的激烈竞争，每组各选出10名选手入围决赛。决赛将于2018年1月20日在北京大学医学部举行，现在彭长妹医生已全身心投入备战，做好征战北京的准备。祝愿她在决赛中再夺佳绩！<br/>&nbsp;</span></span></p><p style=\"margin-top: 0px; margin-bottom: 0px; padding: 0px; outline: none; color: rgb(102, 102, 102); font-family: 微软雅黑; font-size: 14px; white-space: normal; background-color: rgb(249, 249, 249); text-align: right;\"><span style=\"line-height: 2em;\"><span style=\"font-size: 16px;\">（科室：规培办 &nbsp;负责人：吴汉生 &nbsp;撰稿人：林恺）</span></span></p><p><img src=\"/image/20190506/6369273831838429914484812.png\" title=\"20180112114612326.png\" alt=\"20180112114612326.png\"/></p>',1557113027,1,1,50),(63,57,'我院举行2017年最佳带教老师、科室','','我院举行2017年最佳带教老师、科室和中青年教师中文授课比赛颁奖仪式','<p style=\"margin-top: 0px; margin-bottom: 0px; padding: 0px; outline: none; color: rgb(102, 102, 102); font-family: 微软雅黑; font-size: 14px; white-space: normal; background-color: rgb(249, 249, 249);\"><span style=\"line-height: 2em;\"><span style=\"font-size: 16px;\">1月12日，我院召开教学委员会和继续教育委员会例会，并进行了2017年最佳带教老师、科室和中青年教师中文授课比赛颁奖仪式，林霓阳院长助理和各教研室主任对获奖教师及科室代表进行了颁奖。<br/>&nbsp; &nbsp; &nbsp; 此次2017年最佳带教老师、科室的评选由我院实习学生以无记名投票方式，评比出最佳带教老师：一等奖2名，陈芾珩、肖玲；二等奖3名，陈斌鸣、翁立坚、余汉光；三等奖3名，赵迪、陈俊琛、栗丽。最佳带教科室：一等奖1个，心血管一区；二等奖2个，胃肠外二区、呼吸二区；三等奖3个，内分泌一区、风湿科、神内一区。<br/>&nbsp; &nbsp; &nbsp; 同时也对我院2017年中青年教师中文授课比赛的获奖教师进行了颁奖。内科、外科、妇产科、儿科、影像科、传染科教研室派出的共8名中青年教师参加，评选出：一等奖：黄晓玲，二等奖：林豪雨、侯志铎，三等奖：黄瑞滨、许宏武、陈小华。其中，黄晓玲、林豪雨和侯志铎被推荐代表我院参加汕大医学院中青年教师中文授课比赛决赛，取得优秀成绩。林豪雨获一等奖，侯志铎获二等奖，黄晓玲获三等奖。<br/>&nbsp; &nbsp; &nbsp; 活动通过表彰先进，提高我院带教老师的责任意识和临床科室的教学积极性，提高各教研室对中青年教师培养的积极性。我们还将通过此次评选总结经验，收集意见，在今后临床教学各环节中认真落实，更好促进我院的临床教学工作，全面提升人才培养的质量。<br/>&nbsp;</span></span></p><p style=\"margin-top: 0px; margin-bottom: 0px; padding: 0px; outline: none; color: rgb(102, 102, 102); font-family: 微软雅黑; font-size: 14px; white-space: normal; background-color: rgb(249, 249, 249); text-align: right;\"><span style=\"line-height: 2em;\"><span style=\"font-size: 16px;\">（科室：科教科&nbsp; 负责人：杨晓寰&nbsp; 撰稿人：杨晓寰）</span></span></p><p><span style=\"line-height: 2em;\"><span style=\"font-size: 16px;\"><br/></span></span></p><p><img src=\"/image/20190506/6369273835635733389598696.jpg\" title=\"20180116053109152.jpg\" alt=\"20180116053109152.jpg\"/></p>',1557113048,1,1,50),(64,58,'“醉”里挑灯看“建”——记省专家组','','“醉”里挑灯看“建”——记省专家组督查我院麻醉专业基地建设情况','<p><span style=\"color: rgb(102, 102, 102); font-family: 微软雅黑; font-size: 14px; background-color: rgb(249, 249, 249);\"><span style=\"color: rgb(0, 0, 0);\">&nbsp;<span style=\"font-size: 16px;\">&nbsp;&nbsp;2018年12月19日上午，受广东省卫健委科教处委托，广东省医师协会派出专家组莅临我院，对住院医师规范化培训（以下简称住培）麻醉专业基地进行现场督导检查。</span></span></span><span style=\"font-family: 微软雅黑; background-color: rgb(249, 249, 249);\">&nbsp; &nbsp; &nbsp; &nbsp;<br/>&nbsp; &nbsp; &nbsp; &nbsp;我院领导高度重视，由王斌副院长与林霓阳院长助理为代表，率同规培办人员与相关职能科科长，以及全院各专业基地主任、秘书共同迎接本次督导检查。在会参加的还有协同单位汕头大学医学院第二附属医院、汕尾市第二人民医院相关职能人员与麻醉专业基地主任。</span><br/><span style=\"font-family: 微软雅黑; background-color: rgb(249, 249, 249);\">&nbsp; &nbsp; &nbsp; &nbsp;在迎评会上，专家组组长黄焕森主任主持并介绍督查流程。王斌副院长致辞对专家组的到来表示热烈欢迎，希望以评促建，查遗补缺，不断提升乃至带动相关专业基地的进一步建设与发展。教学主任庄少惠对麻醉专业基地建设基本条件、师资条件、过程管理及质量控制等情况进行汇报。</span></p><p><img src=\"/image/20190506/6369273842035651106449094.jpg\" title=\"20181226104818456.jpg\" alt=\"20181226104818456.jpg\" width=\"744\" height=\"547\"/></p>',1557113036,1,1,50),(65,58,'我院顺利完成2017年规培年度考核','','我院顺利完成2017年规培年度考核','<p style=\"margin-top: 0px; margin-bottom: 0px; padding: 0px; outline: none; color: rgb(102, 102, 102); font-family: 微软雅黑; font-size: 14px; white-space: normal; background-color: rgb(249, 249, 249);\"><span style=\"line-height: 2em;\"><span style=\"font-size: 16px;\">&nbsp;&nbsp; 根据《国家卫生计生委办公厅关于印发住院医师规范化培训招收实施办法（试行）和住院医师规范化培训考核实施办法（试行）的通知》与《汕头大学医学院第一附属医院出科考核、年度考核暂行规定》，我院在2017年12月中旬按计划实施了2017年度规培考核工作。<br/>&nbsp; &nbsp; &nbsp; 2017年12月7日，由林霓阳院长助理召集全院各基地主任与教学秘书（干事）对2017年规培年度考核工作方案作了详细布置。在本次会议中，对理论、综合技能考核的设计与组织，均作了周密的安排。2017年 12月16日-17日，完成282位学员的理论考核。2017年12月20日-26日，完成各专业的病历考核与专科技能考核。<br/>&nbsp; &nbsp; &nbsp;本次年度考核工作受到汕头大学医学院领导的高度重视。经汕头大学医学院精心组织，针对明年即将结业的这一批学员166人（主要包括内外妇儿专业），根据国家对规培医师的结业考核标准，委托北京大学第一医院副院长李海潮教授等专家设计的分站式综合技能考核，调动了汕头大学医学院第一附属医院、第二附属医院共130位高年资考官，在12月30日顺利实施了本次高水准的考核，有效地检验了本批住院医师的培训质量。<br/>&nbsp; &nbsp; &nbsp; 2018年1月6日-7日，共291名学员（包括汕头大学医学院精神卫生中心、汕头大学医学院附属肿瘤医院学员）参加了成人心肺复苏考核，有效地促进了住院医师急救技能的进一步提升。<br/>&nbsp; &nbsp; &nbsp; 本次年度考核，仍然有少部分学员的考核成绩未达到预期目标，反映出一些问题和亟待改进的薄弱环节，这对基地住培质量的同质化实施与加强培训有着积极的指导意义。<br/>&nbsp;</span></span></p><p style=\"margin-top: 0px; margin-bottom: 0px; padding: 0px; outline: none; color: rgb(102, 102, 102); font-family: 微软雅黑; font-size: 14px; white-space: normal; background-color: rgb(249, 249, 249); text-align: right;\"><span style=\"line-height: 2em;\"><span style=\"font-size: 16px;\">&nbsp; （科室：规培办&nbsp; 负责人：吴汉生&nbsp; 撰稿人 ：吴汉生）</span></span></p><p><img src=\"/image/20190506/6369273869362569615608352.jpg\" title=\"20180117093821795.jpg\" alt=\"20180117093821795.jpg\"/></p>',1557113095,1,1,50),(66,59,'麻醉科举办粤东地区首届麻醉沙龙','','麻醉科举办粤东地区首届麻醉沙龙','<p><span style=\"color: rgb(102, 102, 102); font-family: 微软雅黑; font-size: 14px; background-color: rgb(249, 249, 249);\"><span style=\"font-size: 16px;\"><span style=\"line-height: 2em;\">4月17日，我院在汕头市迎宾馆组织举办了第一届粤东地区麻醉沙龙。来自本地以及揭阳、潮州、普宁等多家医院近百位麻醉学同仁们参与了本次沙龙讨论。<br/>&nbsp;&nbsp;&nbsp;&nbsp;&nbsp; 凝血功能报告解读，抗凝治疗与术前停药，止血药物的临床应用，术中肺栓塞、羊水栓塞以及创伤性凝血病，这些内容汇集为本次粤东麻醉沙龙的主题——抗凝与凝血。<br/>&nbsp;&nbsp;&nbsp;&nbsp;&nbsp; 本次麻醉学术交流是我们首次尝试以沙龙的形式在粤东地区进行麻醉临床病例的交流采取沙龙形式，即大家以病历的形式进行麻醉探讨，不分职称，不分年资的就临床麻醉问题进行经验交流。在病历讨论中大家各抒己见，热烈发言，一改往日会议严肃紧张的气氛，这一平等活跃的形式受到了与会同仁的一致好评。<br/>&nbsp;&nbsp;&nbsp;&nbsp;&nbsp; 我们将继续努力，以更多样化，更广泛的形式不断地向潮汕基层医院推广麻醉学领域新进展新思路，共同提高粤东地区的麻醉水平。</span></span></span><br/></p><p><span style=\"font-size: 16px;\"><span style=\"line-height: 2em;\">&nbsp;（科室：麻醉科&nbsp; &nbsp;负责人：程明华&nbsp;&nbsp; 撰稿人：王玉婷）</span></span></p><p><br/></p>',1557113173,1,1,50),(67,59,'医保科举办国家级继续医学教育项目','','医保科举办国家级继续医学教育项目','<p><span style=\"color: rgb(102, 102, 102); font-family: 微软雅黑; font-size: 14px; background-color: rgb(249, 249, 249); line-height: 2em;\"><span style=\"font-size: 16px;\">由于目前汕头市社保经办机构与医疗服务机构实行的是定额结算加项目结算方式，严重制约了医疗新技术的发展。为了解决目前存在的问题，汕头市人社局拟于2016年开始借鉴“中山模式”实施“按病种分值结算”的新模式。这种新的结算方法与国际疾病分类（ICD编码）密切相关，即与医生对主要疾病的选择息息相关。<br/>&nbsp;&nbsp;&nbsp;&nbsp;&nbsp; 为了让临床医务工作者更好地了解这方面的相关知识，医保科于12月 15日在我院第二学术报告厅举办国家级继续医学教育项目学习班（项目编号：2015-15-02-017（国））。学习班由医保科卢锡芝副科长主持，夏伟院长助理致辞。学习班还荣幸地邀请了中山大学附属中山医院医保部刘志芳主任讲授“医院简化DRGS结算办法实施情况分析”，我院医保科陶春莲医生讲授“社保局拒付定额病例分析”，许若侨同志讲授“医保常见问题分析及注意事项”等。<br/>&nbsp;&nbsp;&nbsp;&nbsp;&nbsp; 学习班受到了来自汕头市中心医院、汕头大学医学院第二附属医院、汕头大学医学院附属肿瘤医院以及我院医联体单位（潮南民生医院、龙湖医院、濠江医院、全科医学分院）的与会同仁好评。全院医保专员、部分科室的主任、护士长及临床医生、质控科相关人员等参加了学习班。<br/>&nbsp;&nbsp;&nbsp;&nbsp;&nbsp; 学员们对“按病种分值结算”的新模式产生了浓厚兴趣，会场互动踊跃。学习班在浓浓的学习气氛中结束。</span></span><span style=\"color: rgb(102, 102, 102); font-family: 微软雅黑; font-size: 14px; background-color: rgb(249, 249, 249);\"></span></p><p><span style=\"line-height: 2em;\"><span style=\"font-size: 16px;\"><span style=\"font-family: arial, helvetica, sans-serif;\">（科室：医保科&nbsp; 负责人：卢锡芝&nbsp; 撰稿人：许若侨</span></span></span></p><p><img src=\"/image/20190506/6369273879988255137983126.jpg\" title=\"20151218031619167.jpg\" alt=\"20151218031619167.jpg\"/></p>',1557113201,1,1,50),(68,60,'学科建设','','学科建设','<p><strong style=\"color: rgb(102, 102, 102); font-family: 微软雅黑; font-size: 14px; white-space: normal; background-color: rgb(249, 249, 249);\">广东省优势重点学科：</strong><span style=\"color: rgb(102, 102, 102); font-family: 微软雅黑; font-size: 14px; background-color: rgb(249, 249, 249);\"></span></p><p>临床医学<br/>&nbsp;</p><p><strong>广东省重点学科：</strong></p><p>心血管内科、妇产科<br/>&nbsp;</p><p><strong>广东省临床重点专科：</strong></p><p>心血管内科、神经内科、内分泌代谢科、肾内科、血液内科</p><p>神经外科、骨科、胸心外科、普通外科、眼科</p><p>儿科、新生儿科、</p><p>医学影像科、临床检验诊断学科</p><p>急诊科、临床护理<br/>&nbsp;</p><p><strong>博士学位授予点：</strong></p><p>临床医学</p><p><br/><strong>硕士学位授予点：</strong></p><p>临床医学<br/>&nbsp;</p><p><strong>专业学位硕士点：</strong></p><p>临床医学硕士、公共卫生硕士、护理硕士</p><p><br/><strong>博士后流动站：</strong></p><p>临床医学、药学</p><p><br/><strong>省级重点实验室：&nbsp;</strong></p><p>医学分子影像学、分子心脏病学</p><p><br/></p>',1557113228,1,1,50),(69,61,'鸿光心脏救助基金会获得企业家协会捐助','','鸿光心脏救助基金会获得企业家协会捐助','<p><span style=\"color: rgb(102, 102, 102); font-family: 微软雅黑; background-color: rgb(249, 249, 249);\"><span style=\"color: rgb(0, 0, 0);\">&nbsp; &nbsp; &nbsp; 4月19日上午，汕头市女企业家协会会长吴莉翔一行5人莅临我院签署合作协议，拟将协会领导共同投资创办的广东蜜加蜜便利店商业有限公司项目与我院结缘并向广东省鸿光心脏医疗救助基金会做出捐赠，用于救助贫困心脏病患者，支持心脏相关疾病诊疗的科学研究。我院夏伟院长助理代表院领导班子出席，医院办公室、党委办公室、总务科、计财科等相关科室负责人参加了此次签约合作仪式。</span><br/><span style=\"color: rgb(0, 0, 0);\">&nbsp; &nbsp; &nbsp;&nbsp;</span><span style=\"color: rgb(0, 0, 0);\">广东省鸿光心脏医疗救助基金会（以下简称基金会）是汕头大学医学院第一附属医院捐资成立的非公募慈善基金会，自2011年7月成立以来开展的主要资助项目包括中国遗传性心律失常救助工程和儿童先心病患者救助。近八年来，基金会共救助贫困遗传性心律失常及贫困儿童先天性心脏病患者130人，救助金额158.6万。</span><br/><span style=\"color: rgb(0, 0, 0);\">&nbsp; &nbsp; &nbsp;&nbsp;</span><span style=\"color: rgb(0, 0, 0);\">签约仪式上，吴会长就我院作为广东省高水平医院建设“登峰计划”首批单位之一对潮汕粤东三市的卫生医疗服务和慈善义举做&nbsp;出的贡献称赞不已，表示愿意将女企协会创办项目部分收入助力公益，服务社会。随后，夏伟院长助理代表我院及广东省鸿光心脏医疗救助基金会向汕头市女企业家协会的爱心善举表示感谢。</span><br/><span style=\"color: rgb(0, 0, 0);\">&nbsp; &nbsp; &nbsp;&nbsp;</span><span style=\"color: rgb(0, 0, 0);\">根据国发〔2014〕60号文件鼓励社会资本参与教育、医疗、养老、体育健身、文化设施建设的背景下，我院此次牵手汕头市女企业家协会获得社会捐助，双方将利用广东省鸿光心脏医疗救助基金会的平台，为更多贫困心脏病患者提供医疗救助，普惠百姓，把积极向上、团结奉献的正能量精神向社会传递!</span><br/><span style=\"color: rgb(0, 0, 0);\">&nbsp; &nbsp; &nbsp;&nbsp;</span><span style=\"color: rgb(0, 0, 0);\">汕头市女企业家协会成立于1988年，是经汕头市社会组织管理局登记，具有法人资格的5A等级社团组织，是中国女企业家协会、广东省女企业家协会和汕头市妇女联合会的团体会员。在中女企协、省妇女企协和市妇联指导下开展工作，并接受市社会组织管理局管理和监督。协会多次被中国女企业家协会、省女企业家协会授予“先进集体”荣誉称号，多次被省市妇联授予“三八红旗集体”、“慈善爱心协会”等荣誉称号。2017年被汕头市文明办授予“文明单位”荣誉称号，被汕头市民政局授予“十大品牌社会组织”荣誉称号。</span></span><br/><br/></p><p><span style=\"font-size: 16px;\"><span style=\"font-family: 微软雅黑;\">(科室：医院办公室 &nbsp; 负责人：陈晓军 &nbsp; 撰稿：方越 )</span></span></p><p><img src=\"/image/20190506/6369274164313847376005346.jpg\" title=\"20190423044946947.jpg\" alt=\"20190423044946947.jpg\" width=\"926\" height=\"817\"/></p>',1557116051,1,1,50),(70,61,'从“心”出发，将爱传播在新春之际','','从“心”出发，将爱传播在新春之际','<p style=\"margin-top: 0px; margin-bottom: 0px; padding: 0px; outline: none; color: rgb(102, 102, 102); font-family: 微软雅黑; font-size: 14px; white-space: normal; background-color: rgb(249, 249, 249); text-align: center;\"><strong><span style=\"font-size: 16px;\">联合心脏外科中心</span><span style=\"font-size: 16px;\">免费救治先心病患儿</span></strong></p><p style=\"margin-top: 0px; margin-bottom: 0px; padding: 0px; outline: none; color: rgb(102, 102, 102); font-family: 微软雅黑; font-size: 14px; white-space: normal; background-color: rgb(249, 249, 249);\"><span style=\"font-size: 16px;\">&nbsp; &nbsp; &nbsp; 新春的喜庆洋溢着，火红的灯笼高挂着，温暖的人心开敞着，一位可爱的小天使——小爱（化名）在母亲的陪伴下来到汕头大学医学院第一附属医院联合心脏外科中心，接受联合心脏外科中心为其免费实施的微创房间隔缺损修补手术。<br/>&nbsp; &nbsp; &nbsp;&nbsp;</span><span style=\"font-size: 16px;\">刚满周岁的小爱来自潮南区一个小乡村，其父亲因一场疾病患上了精神分裂症，丧失劳动能力与自理能力只能留在家中，全家仅依靠其母亲到工厂打零工维持生计。小爱刚出生时被诊断患有胸壁血管瘤，因位置特殊未能进行手术，小爱的奶奶多次带其奔赴医院诊治。祸不单行，今年初小爱在家进食后呕吐，心率加快，送至我院确诊为先天性房间隔缺损，需手术治疗。这对于小爱一家无疑又是一沉重的打击。<br/>&nbsp; &nbsp; &nbsp;&nbsp;</span><span style=\"font-size: 16px;\">联合心脏外科中心了解到小爱的家庭情况后，立刻决定为其免费开展心脏手术。&nbsp; &nbsp; &nbsp; &nbsp; &nbsp;&nbsp;</span><span style=\"font-size: 16px;\">2019年2月13日上午，联合心脏外科中心金晶主任带领心脏外科手术团队，在短短3小时内为小爱完成了心脏微创修补术，手术伤口仅3.5厘米，目前小爱病情稳定，恢复良好。<br/>&nbsp; &nbsp; &nbsp;&nbsp;</span><span style=\"font-size: 16px;\">就目前的技术而言，对于这种简单的心脏畸形，治疗手段非常多。不仅可以将切口做得非常小，也可以做得非常隐蔽，创伤小，对孩子今后的心理影响非常小。（因此）对这种简单的先天性心脏病孩子的家属来说，完全不需要恐慌，只需要尽早到医院进行诊断，选择一个合适的时机进行手术就可以。<br/>&nbsp; &nbsp; &nbsp;&nbsp;</span><span style=\"font-size: 16px;\">——联合心脏外科中心副主任 金晶<br/>&nbsp; &nbsp; &nbsp;&nbsp;</span><span style=\"font-size: 16px;\">据金晶主任介绍，三年来联合心脏外科中心开展“六一爱心行”等公益活动，通过“鸿光基金”、“亚心关爱基金”为先心病患儿实施免费手术，辐射汕头、潮州、揭阳等地区。截至目前，已免费治愈先心病患儿102名，救助金额近54万元，为患儿带来生命的曙光，缓解患儿家庭的经济压力。<br/>&nbsp; &nbsp; &nbsp;&nbsp;</span><span style=\"font-size: 16px;\">我们这个免费手术不仅仅是面向潮汕地区，现在对于外来工子女，只要符合14周岁以下，是简单先心病，都可以申请“亚心关爱基金”来进行手术减免。如果是有贫困证就可以做证明，或者是有街道办事处等给家庭出具的相关证明都是可以（申请）的。<br/>&nbsp; &nbsp; &nbsp;&nbsp;</span><span style=\"font-size: 16px;\">——联合心脏外科中心办公室主任 耿婷婷<br/>&nbsp; &nbsp; &nbsp;</span><span style=\"font-size: 16px;\">&nbsp;</span><span style=\"font-size: 16px;\">联合心脏外科中心全面成熟开展各类先心病、冠心病、瓣膜病、大血管等心脏外科手术治疗，汕头乃至潮汕地区的心脏病患者无需远赴外地，在家门口就可以享受一流的心脏诊疗服务。2019年，联合心脏外科中心将继续为先心病患儿提供免费心脏手术治疗，从“心”出发，将爱不断传播出去。</span></p><p><img src=\"/image/20190506/6369274167571010744556583.jpg\" title=\"20190219085840101.jpg\" alt=\"20190219085840101.jpg\" width=\"953\" height=\"658\"/></p>',1557116089,1,1,50),(71,62,'肢残贫童最高可申请5万元救助','','肢残贫童最高可申请5万元救助','<p><span style=\"line-height: 2em;\"><span style=\"font-size: 16px;\">“奔跑的明天”公益项目我市两名受益者手术后顺利出院</span></span><br/>&nbsp;</p><p><span style=\"color: rgb(102, 102, 102); font-family: 微软雅黑; font-size: 14px; background-color: rgb(249, 249, 249); line-height: 2em;\"><span style=\"font-size: 16px;\">&nbsp;&nbsp;&nbsp;&nbsp;&nbsp; 本报讯记者周敏报道：作为脑瘫患儿的父母，他们对孩子最大的期望只是能像普通人一样智力正常、四肢健全、生活能够自理……居住汕头、年已五旬的黄氏夫妇就是有着这样孩子的父母。幸运的是，得益于中国宋庆龄基金会与汕头大学医学院第一附属医院合作开展的“奔跑的明天”公益项目，黄氏夫妇的孩子成为该项目的首例受益者，接受了矫正手术后目前已经顺利出院，有望自主行走。<br/>&nbsp;&nbsp;&nbsp;&nbsp;&nbsp; 刚结婚时，黄氏夫妇俩也和所有的年轻父母一样，对生活充满憧憬。他们结婚后一起打工，生活一天天好起来，儿子小东出生后，生活更添乐趣。但在小东出生6个月后，他们发现儿子既不会翻身也不会抬头，于是，他们便带着小东到处寻医问药，医生告诉他们孩子患了脑瘫。从此，家人为治疗儿子的病四处奔波，吃尽了苦头。如今，小东13岁了，但仍然行走困难，需要人搀扶。黄家收入主要靠丈夫外出打工。为了照顾残疾儿子，丈夫在家附近摆水果摊，妻子只能留守在家陪护。对于这样一个没有固定收入的家庭，需要养活两个孩子，还要负担起残疾儿子的治疗费用，困难景况可想而知，因此，一直到小东13岁，都没有得到正规的治疗。<br/>&nbsp;&nbsp;&nbsp;&nbsp;&nbsp; 去年，由中国宋庆龄基金会·锐珂慈善基金资助、汕大医附一院负责实施的“奔跑的明天”计划，给这一家子带来了希望。听到消息后，黄氏夫妇马上带着孩子和项目组联系。去年12月，项目组通过了患儿资料的审核，医院手足显微外科副主任刘东昕为患者施行矫正手术，经治疗后，双下肢痉挛的情况明显改善、步态较前稳定，再经过3到6个月的功能锻炼后，双下肢的功能会有明显的改善。今年1月份，小东顺利出院。目前该项目已经有两位小朋友接受救助手术后顺利出院，还有另外一例受助患者正在接受手术治疗。<br/>&nbsp;&nbsp;&nbsp;&nbsp;&nbsp; 公益项目救助贫困肢残患儿<br/>&nbsp;&nbsp;&nbsp; “奔跑的明天”公益项目是专门针对贫困儿童群体中患有肢体残疾的患儿提供医疗救助的公益项目。项目额度为人民币25万元，中国宋庆龄基金会委托汕大医附一院利用专业的医疗技术开展患儿救治工作。该项目自去年11月启动，为期一年，救助对象为年龄16周岁以下、患有肢体残疾的贫困家庭儿童，且为一次性手术可治愈适应症的患儿。患儿监护人自愿申请救助。每例患儿每次资助金额最高上限为5万元人民币。汕大医附一院按救助标准将申请此项目患儿的基本信息及患儿治疗费用预算上报宋庆龄基金会，审核通过后即可实施手术救治。有意愿接受救助的家长可以拨打联系电话：13433351872进行咨询。</span></span><span style=\"color: rgb(102, 102, 102); font-family: 微软雅黑; font-size: 14px; background-color: rgb(249, 249, 249);\"></span></p><p><span style=\"line-height: 2em;\"><span style=\"font-size: 16px;\"><strong>摘自：2016年4月5日汕头特区晚报第2版</strong></span></span></p><p><br/></p>',1557116125,1,1,50),(72,62,'首例接受 “奔跑的明天”项目救助的患儿出','','首例接受 “奔跑的明天”项目救助的患儿顺利出院','<p><span style=\"color: rgb(102, 102, 102); font-family: 微软雅黑; font-size: 14px; background-color: rgb(249, 249, 249); line-height: 2em;\"><span style=\"font-size: 16px;\">&nbsp; &nbsp;每一位父母对自己的孩子都是充满期望和骄傲，希望他们长大后“成龙成凤”，但作为脑瘫患儿的父母，孩子带给他们的却是饱含着无尽的泪与痛，他们对孩子期望只是能像普通人一样智力正常、四肢健全、生活能够自理……今年50岁居住在汕头的黄氏夫妻就是一对有这样孩子的父母。<br/>&nbsp;&nbsp;&nbsp;&nbsp;&nbsp; 刚结婚时，夫妇俩也和所有的年轻父母一样，对生活充满憧憬。他们结婚后一起打工，生活一天天好起来，儿子小东出生后，生活更添乐趣。但在小东出生6个月后，他们发现儿子既不会翻身也不会抬头，于是，他们便带着小东到处寻医问药，医生告诉他们孩子患了脑瘫。从此，家人为治疗儿子的病四处奔波，吃尽了苦头。小东13岁了，但仍然行走困难，需要人搀扶。<br/>&nbsp;&nbsp;&nbsp;&nbsp;&nbsp; 黄氏家庭的收入主要靠丈夫外出打工。为了照顾残疾儿子，丈夫在家附近摆水果摊，妻子只能留守在家陪护。对于这样一个没有固定收入的家庭，需要养活两个孩子，还要负担起残疾儿子的治疗费用，困难景况可想而知，因此，一直到小东13岁，其并没有得到正规的治疗。夫妻俩担心等他们老了，谁来照顾儿子？如果小东能生活自理该有多好！<br/>&nbsp;&nbsp;&nbsp;&nbsp;&nbsp; 2015年，由中国宋庆龄基金会•锐珂慈善基金资助、我院负责实施的“奔跑的明天”计划，给这一家子带来了希望！听到消息后，他们马上带着孩子和项目组联系。2015年12月，项目组通过了患儿资料的审核，我院手足显微外科副主任刘东昕为患者施行矫正手术，经治疗后，双下肢痉挛的情况明显改善、步态较前稳定，再经过3－6个月的功能锻炼后，双下肢的功能会有明显的改善。2016年1月25日，小东顺利出院了！<br/>&nbsp;&nbsp;&nbsp;&nbsp;&nbsp; “奔跑的明天”项目是专门针对贫困儿童群体中患有肢体残疾的患儿提供医疗救助的公益项目，为家庭经济困难无力治疗的患儿伸出援手。项目将持续一年，联系方式：刘主任13433351872。</span></span><br/></p><p><span style=\"line-height: 2em;\"><span style=\"font-size: 16px;\">（科室：信息工程科、骨科&nbsp; 负责人：林婕&nbsp; 撰稿人：刘东昕）</span></span></p><p><br/></p>',1557116151,1,1,50),(73,63,'“两癌”贫困妇女获“娘家人”救助','','“两癌”贫困妇女获“娘家人”救助','<p><strong><span style=\"line-height: 2em;\"><span style=\"font-size: 16px;\">市妇联等单位开展公益行动，3年将救助600名患宫颈癌、乳腺癌的贫困妇女</span></span></strong></p><p><span style=\"color: rgb(102, 102, 102); font-family: 微软雅黑; font-size: 14px; background-color: rgb(249, 249, 249); line-height: 2em;\"><span style=\"font-size: 16px;\">&nbsp;&nbsp; &nbsp;&nbsp; 本报讯 （记者张琳楠）家住龙湖区外砂镇蓬中村、今年43岁的陈伟叶四个月前在汕大医附一院接受了手术，在她体内吞噬生命的宫颈恶性肿瘤终于得到有效的治疗，更让她高兴的是，由于申请了“两癌”贫困妇女救助项目，出院的时候自己不用花上一分钱。据了解，自去年底我市开展“汕头市贫困妇女‘两癌’救助·锦峰公益行动”以来，有不少贫困妇女获得了项目的资金救助，这对于罹患宫颈癌、乳腺癌，急需治疗经费的她们来说无疑是雪中送碳。<br/>&nbsp; &nbsp;&nbsp;&nbsp; 据介绍，陈伟叶患有宫颈恶性肿瘤，当被医生告知必须尽快手术时，她陷入沉思久久不语——并不是不愿意接受治疗，而是家里太拮据了，手术治疗费不知道该如何凑齐。陈伟叶的丈夫是残疾人，孩子尚无工作，家里经济十分困难，日子捉襟见肘，手术治疗费更是不知从何去凑。去年12月，陈伟叶向“汕头市贫困妇女‘两癌’救助·锦峰公益行动”申请了项目救助并在汕大医附一院办理了住院手续，医生很快为她实施了手术，今年1月14日，陈伟叶出院，目前恢复良好。据了解，陈伟叶此次手术治疗总费用为20400.15元，医保报销10801.64元，余下的9598.51元均由项目资助。“感谢党和政府对我们的关怀，这笔救助金就是雪中送炭，不仅减轻了我家的经济负担，还给了我很大的精神鼓励，让我更有勇气面对困难……”说起项目的资助，陈伟叶感激地留下了眼泪。<br/>&nbsp; &nbsp;&nbsp;&nbsp; 近年来，我市积极推动实施妇女儿童发展规划，去年，市政府安排了200万资金开展农村妇女“两癌”免费检查项目，全市共1万名35至64岁农村妇女受益，该项目今年继续在我市实施。去年底，市妇联以广大妇女“娘家人”的身份向罹患宫颈癌、乳腺癌即“两癌”的贫困妇女伸出援手，联合广东锦峰地产投资有限公司、汕头大学医学院第一附属医院启动“关爱女性健康，共建幸福家庭——汕头市贫困妇女‘两癌’救助·锦峰公益行动”，用于帮助“两癌”贫困妇女积极就医治疗，早日恢复健康。<br/>&nbsp;&nbsp;&nbsp;&nbsp; “汕头市贫困妇女‘两癌’救助·锦峰公益行动”将历时三年，救助600名以上的患宫颈癌、乳腺癌的贫困妇女。活动所需600万元资金均由广东锦峰地产投资有限公司捐助，汕头大学医学院第一附属医院为活动定点医院。<br/>&nbsp; &nbsp;&nbsp; &nbsp;记者了解到，截至今年4月底，共有10名贫困妇女成功申请到项目救助，于汕大医附一院接受了乳腺癌手术并出院。目前项目正在继续接受申请中。<br/>&nbsp;&nbsp;&nbsp;&nbsp; &nbsp;相关链接<br/>&nbsp; &nbsp;&nbsp; &nbsp;如何申请“两癌”救助？<br/>&nbsp;&nbsp;&nbsp;&nbsp;&nbsp; 根据活动方案，凡汕头市户籍且已参加城乡医疗保险、经汕大医附一院确诊为宫颈癌、乳腺癌，并在2015年12月22日后由该医院实施手术的妇女，可持本人低保证明或户籍所在地村(居)委会出具的相关贫困证明，以及疾病诊断证明书、本人身份证、户口簿等向户籍所在地的区(县)妇联提出手术费资助申请。经审核符合条件后，汕大医附一院将根据方案拨付给患者救助金。&nbsp;</span></span><span style=\"color: rgb(102, 102, 102); font-family: 微软雅黑; font-size: 14px; background-color: rgb(249, 249, 249);\"></span></p><p><span style=\"line-height: 2em;\"><span style=\"font-size: 16px;\"><span style=\"line-height: 2em;\"><strong>摘自：2016年5月23日<strong>汕头日报第3版</strong></strong></span></span></span></p><p><br/></p>',1557116180,1,1,50),(74,63,'关注两癌、关爱妇女','','关注两癌、关爱妇女','<p><strong><span style=\"font-size: 16px;\">——汕头市贫困妇女“两癌”救助·锦峰公益行动</span></strong></p><p><span style=\"line-height: 2em;\"><span style=\"font-size: 16px;\">&nbsp;&nbsp;&nbsp;&nbsp;&nbsp; 2015年12月22日，由广东锦峰地产投资有限公司出资，市妇联与我院联合开展的“关爱女性健康，共建幸福家庭——汕头市贫困妇女‘两癌’救助·锦峰公益行动” 启动仪式在我院隆重举行！汕头市政府赵红副市长、市妇联陈榕主席、广东锦峰地产投资有限公司孙少杰董事长、汕头大学医学院边军辉院长及我院谭学瑞院长等150余位嘉宾出席启动仪式。<br/>&nbsp;&nbsp;&nbsp;&nbsp;&nbsp;&nbsp;</span></span><span style=\"line-height: 2em;\"><span style=\"font-size: 16px;\">宫颈癌和乳腺癌（简称“两癌”）是最常见的妇女恶性肿瘤，贫困妇女“两癌”患者的医疗问题亟待解决。在此背景下，广东锦峰地产投资有限公司孙少杰董事长发起汕头市贫困妇女“两癌”救助·锦峰公益行动，捐资600万元，分3年、共计划救助600位以上汕头市贫困妇女“两癌”患者，这是患者的福音、社会的正能量、企业界的光荣。孙少杰董事长说：“我们做慈善是为了帮助那些最需要帮助的人，在他们最无助的时候雪中送炭，让每个小家庭都能团圆”。<br/>&nbsp;&nbsp;&nbsp;&nbsp;&nbsp; 爱心善举把大家凝聚在一起。此次公益行动得到了汕头市政府、市妇联的全力支持，汕头大学医学院决定给予该行动以技术和学术上的实质性支持。这使得企业公益行动注入了政府元素，插上了科学的翅膀，公益事业绑上了助力器，这种大爱一定能够得到广泛的传播。谭学瑞院长感谢孙少杰董事长对我院的信任，他代表我院郑重承诺，我们所承担的“汕头市贫困妇女‘两癌&#39;救助·锦峰公益行动”，以及我们所承担的各项公益医疗项目，一定要使目标受益人群的受益率达到100%。<br/>&nbsp;&nbsp;&nbsp;&nbsp;&nbsp; 作为粤东最具实力的三级甲等医院，我们的事业走在“医改”前列，得到了广大人民群众的信赖。我院临床医学是一级学科博士点、一级学科博士后科研流动站，临床重点学科覆盖率100%，拥有粤东地区唯一一家国家级住院医师规范化培训基地、国家级全科医生培训基地，并成立全科医学分院，已构建成被广东省领导概括为“汕大模式”的紧密型医联体。医联体内部跨行政隶属关系、跨资产权属关系，涵盖一级到三级医疗机构，在双向转诊、上下联动、分级诊疗、远程会诊等方面做了有价值的尝试。<br/>&nbsp;&nbsp;&nbsp;&nbsp;&nbsp; 1998年，李嘉诚基金会在我院设立了全国首家免费为贫困晚期癌症病人提供临终关怀服务的宁养院。2010年，我院作为“中国遗传性心律失常救助工程”的南方中心，成立了“广东省鸿光心脏医疗救助基金会”。我院还在先天性心脏病救助、小儿白血病救助、白内障救助、听力筛查与干预治疗、妇女“两癌”普查及防治、产前诊断、新生儿保健、老年人保健、特殊群体医疗保健与职业性健康管理等公益行动中发挥积极作用。今天，在我院隆重启动“汕头市贫困妇女‘两癌’救助·锦峰公益行动”，使我们这所有着公益传统的著名医院，又增添了一座璀璨的丰碑。我们将和市妇联的同志一起，齐心协力，把善款用好、善事做好，为更多需要帮助的人送去温暖与关怀。&nbsp; &nbsp;&nbsp;&nbsp;&nbsp;<br/>&nbsp;&nbsp;&nbsp;&nbsp;&nbsp; 赵红副市长充分肯定了广东锦峰地产投资有限公司捐巨资救助我市“两癌” 贫困妇女的善举，对我院在公益事业方面取得的成绩表示赞同，同时呼吁社会热心群体积极投身公益、成就自我、传播爱心。<br/>&nbsp;&nbsp;&nbsp;&nbsp;&nbsp; 实力承载责任，用精湛的医学专业技术与爱心奉献的善举回馈社会是附一人孜孜不倦的追求。汕头市贫困妇女“两癌”救助·锦峰公益行动已经启动，救助金将帮助患者支付医保扣除后的自付手术费用，每位患者享受救助金最高达到1万元。具备汕头市户籍且已参加城乡医疗保险的妇女，只需持有低保证明或户籍所在地村（居）委会出具的相关贫困证明，经我院确诊为宫颈癌、乳腺癌并在我院进行手术治疗，均可申请救助。</span></span><br/>&nbsp;</p><p><span style=\"line-height: 2em;\"><span style=\"font-size: 16px;\">（科室：医院办公室 &nbsp;负责人：李卫平 &nbsp;撰稿人：章妮纯）</span></span></p><p><img src=\"/image/20190506/6369274181324081796206742.jpg\" title=\"20151224054817405.jpg\" alt=\"20151224054817405.jpg\"/></p>',1557116218,1,1,50),(75,64,'人间有宁养 世上无憾事','','人间有宁养 世上无憾事','<p style=\"margin-top: 0px; margin-bottom: 0px; padding: 0px; outline: none; color: rgb(102, 102, 102); font-family: 微软雅黑; font-size: 14px; white-space: normal; background-color: rgb(249, 249, 249); text-align: center;\"><span style=\"line-height: 2em;\"><span style=\"font-size: 16px;\">——宁养院举办成立20周年座谈会</span></span></p><p style=\"margin-top: 0px; margin-bottom: 0px; padding: 0px; outline: none; color: rgb(102, 102, 102); font-family: 微软雅黑; font-size: 14px; white-space: normal; background-color: rgb(249, 249, 249);\"><span style=\"line-height: 2em;\"><span style=\"font-size: 16px;\">&nbsp; &nbsp; &nbsp; 11月19日下午，汕头大学医学院第一附属医院宁养院成立20周年座谈会在宁养院会议室举行。李嘉诚基金会、全国宁养医疗服务计划办公室代表，医院院长谭学瑞，党委书记欧利民，党委副书记江耀睦，党委办公室副主任兼宁养项目主任李曼红，宁养院全体工作人员，宁养义工代表，患者家属代表参加座谈会。会议由欧书记主持。<br/>&nbsp; &nbsp; &nbsp; 会上，宁养院主任曹伟华与参会人员一起回顾了宁养院二十年的发展历程，内容包括宁养院的服务目标、服务原则、服务模式，以及作为“大学生医德教育实践基地”的医德教育模式、未来展望等。随后，与会人员分享了他们与宁养的故事。提及宁养服务，宁养院的工作人员感触颇深、侃侃而谈，在一个个病例、一次次的探访中，坚定了他们继续从事宁养事业的决心，同时更多地感悟生命、思考死亡；宁养义工代表激情澎湃地分享了他的服务体会，通过宁养服务，他不但为患者带来心里安慰，也收获了付出带来的成就感；患者家属满怀感恩地讲述了宁养服务对患者及家庭带来的变化，让患者从无助到宽慰，让下一代积极投身宁养义工服务；江副书记见证了宁养院20年的发展和创新历程、见证了宁养同仁20年如一日，不畏风吹日晒，不惧路途坎坷到患者家中为他们缓解痛苦的奉献；李嘉诚基金会周淑娟女士希望汕头宁养院带着创新理念，继续成为全国32家宁养院的“领头羊”，合力做宁养的事。<br/>&nbsp; &nbsp; &nbsp; 欧书记在总结时指出，附一院宁养院作为全国第一家宁养院，为国内开展宁养服务找到可行、可借鉴的服务模式并复制到全国三十多家宁养院。李嘉诚先生多次提及，对宁养项目的支持将超越他生命的极限。欧书记希望全体宁养同仁在李先生的感召下开展工作，造福更多病人和家属，传播宁养精神。<br/>&nbsp; &nbsp; &nbsp; 20年来，汕头大学医学院第一附属医院宁养院共为9070位晚期肿瘤患者及其家庭提供服务，服务时长逾3.85万小时，服务总次数逾114000次，出诊服务逾19800 次，出诊行程逾46万公里。全体宁养同仁将带着李嘉诚先生的大爱和期许，在新的起点上，以服务好患者为己任，以学习创新为动力，传播公益文化，推动宁养事业再上新台阶。</span></span><br/>&nbsp;</p><p style=\"margin-top: 0px; margin-bottom: 0px; padding: 0px; outline: none; color: rgb(102, 102, 102); font-family: 微软雅黑; font-size: 14px; white-space: normal; background-color: rgb(249, 249, 249); text-align: right;\"><span style=\"line-height: 2em;\"><span style=\"font-size: 16px;\">（科室：党委办公室&nbsp; 负责人：李曼红&nbsp; 撰稿人：章妮纯）</span></span></p><p><img src=\"/image/20190506/6369274186256775721493594.jpg\" title=\"20181121092448621.jpg\" alt=\"20181121092448621.jpg\"/></p>',1557116266,1,1,50),(76,64,'媒体转载--宁养人.守护生命最后的尊严','','【媒体转载】宁养人，守护生命最后的尊严','<p><span style=\"font-family: 微软雅黑; font-size: 24px; text-align: center; background-color: rgb(249, 249, 249); line-height: 2em;\"><span style=\"font-size: 16px;\">19年服务癌患八千多人，出诊公里数达46万</span></span><br/><span style=\"font-family: 微软雅黑; font-size: 24px; text-align: center; background-color: rgb(249, 249, 249); line-height: 2em;\"><span style=\"font-size: 16px;\">宁养人，守护生命最后的尊严</span></span><br/><span style=\"font-family: 微软雅黑; font-size: 24px; text-align: center; background-color: rgb(249, 249, 249); line-height: 2em;\"><span style=\"font-size: 16px;\">温情护理，患者不再“孤僻”</span></span></p><p><img src=\"/image/20190506/6369274190633323345216623.jpg\" title=\"05c37cb3-2245-49c5-b4c3-0e08e180ab4c.jpg\" alt=\"05c37cb3-2245-49c5-b4c3-0e08e180ab4c.jpg\"/></p><p style=\"margin-top: 20px; margin-bottom: 10px; padding: 0px; outline: none; line-height: 27px; color: rgb(102, 102, 102);\"><span style=\"color: rgb(0, 0, 0);\"><span style=\"line-height: 2em;\"><span style=\"font-size: 16px;\"><span style=\"font-family: 微软雅黑;\">　宁养院医护人员对癌症患者关怀备至。 （受访者提供）</span></span></span></span></p><p style=\"margin-top: 15px; margin-bottom: 15px; padding: 0px; outline: none; line-height: 27px; color: rgb(102, 102, 102); text-align: justify;\"><span style=\"color: rgb(0, 0, 0);\"><span style=\"line-height: 2em;\"><span style=\"font-size: 16px;\"><span style=\"font-family: 微软雅黑;\">&nbsp;&nbsp;&nbsp;&nbsp;&nbsp; 晚期癌症患者的家庭，如同风暴中飘摇的一叶小舟，时刻忍受着痛苦、无助无望的侵扰，贫困又让患者家庭雪上加霜。在汕头大学医学院第一附属医院宁养院，有这么一群医护人员，以爱心关怀、专业知识及积极态度，不懈为患者及其家属提供“五全”（全人、全家、全程、全队、全社区）照护，使晚期癌症患者在生命最后阶段活得有意义、有尊严。19年来，“宁养人”累计服务患者8818人，服务总次数108727次，服务时长约3.7万小时，出诊公里数约46万公里。每年的4月15日至21日为全国肿瘤防治宣传周，让我们一起来聆听发生在宁养院医患之间的真情故事，共同守护生命最后的尊严。<br/>&nbsp;&nbsp;&nbsp;&nbsp;&nbsp; 倪姨是名年过六旬的乳腺癌患者，确诊的时候已经是晚期。剧烈的疼痛使她整天难以入睡，胸前的伤口更令她无法走出家门，孤立的处境改变了倪姨以往和善的性格，日渐与人疏离，只有儿子每天过来照顾她。<br/>&nbsp;&nbsp;&nbsp;&nbsp;&nbsp; 宁养院医护人员第一次探访时，一走进倪姨的房间，空气中弥漫的恶臭让人无法呼吸。只见倪姨坐在床边，疼痛使她面目扭曲、神情麻木，胸前的伤口布满黑葡萄样的结节，上面还附着大量白色脓苔……亲友的疏离，更刺痛了她的内心。当时，探访医生毫不犹豫地走上前，轻握住倪姨的手，温和地与倪姨聊家常。完成了对病情的评估后，护理师开始细心地为倪姨清洗伤口，并为家属做指导示范，同时从专业角度解答他们对疾病的疑虑。伴随着医生护士柔和的引导开解，倪姨和家人凝重的表情逐渐舒展，目光中流露出信任与感激。<br/>&nbsp;&nbsp;&nbsp;&nbsp;&nbsp; 一个月之后的第二次探访，倪姨亲自开门迎候医护人员，儿媳、孙子也在家，房间里已几乎闻不到异味。倪姨吃药后疼痛控制得很好，家人每天按医生教的办法给她换药，伤口已不再流脓。说着说着，倪姨眼含泪花，她说：“每天被疼痛和伤口折磨的日子太难熬了，简直生不如死……你们来了之后，我才又过上了安稳的日子，实在感谢你们！”<br/>&nbsp;&nbsp;&nbsp;&nbsp;&nbsp; 爱心感染，患者义捐角膜&nbsp;&nbsp;&nbsp;&nbsp;&nbsp;<br/>&nbsp;&nbsp;&nbsp;&nbsp;&nbsp; 38岁的黄先生靠骑人力三轮车支持家庭经济，太太包女士在家照顾两个年幼的儿子。2014年底，黄先生被确诊为贲门癌，为了治疗债台高筑。然而，手术和化疗还是没能控制住癌细胞的扩散，在病魔的折磨下，黄先生数月没能睡一个安稳觉，担忧妻儿日后的生活更使他焦虑不安。再加上租住的临时棚房房东不许黄先生临终时在此居住。连一个“善终”的地方都没有，悲伤、无助笼罩着黄先生全家。<br/>&nbsp;&nbsp;&nbsp;&nbsp;&nbsp; 2016年5月，黄先生开始接受宁养服务。医、护、社人员全面评估患者“整体的痛”，从身、心、社、灵各方面制定了服务方案。医生根据黄先生的疼痛及其它症状，采取了止痛治疗及缓解上消化道症状等各种措施；护理人员根据患者的身体状况评估、居家环境评估及患者家属照顾水平的评估，耐心地指导家属各种照顾技巧；社工则对患者及其家庭的心理社会灵性需求进行评估，并提供支持。全面而规范的诊疗措施，使黄先生的症状得到了良好的控制，在宁养院社工师的协助下，他们申请了慈善总会最高额的救助金，解了燃眉之急，也为黄先生的一家注入了生活的希望，使他感受到了宁养院的贴心服务和社会的关爱。<br/>&nbsp;&nbsp;&nbsp;&nbsp;&nbsp; 当时，黄先生心头最大的牵挂就是两个未成年孩子的成长和学业问题。宁养院对此高度关注。服务期间，社工通过小游戏及书籍，与孩子们初步建立信任。再采用谈心和讲故事的方式，引导孩子正面思考，并通过联系社会热心机构资源，争取到了助学支持，让爱和关怀长伴孩子左右。黄先生另一个担心的问题就是临终处所的安置。社工师经多方努力，最终争取到一家社会慈善安养机构为黄先生提供了善终场所并主动承担了后事服务的一切费用。<br/>&nbsp;&nbsp;&nbsp;&nbsp;&nbsp; 爱的力量使黄先生卸下了所有顾虑，他决定捐献眼角膜，帮助有需要的人，以回馈社会的爱。在反复确认服务对象的意愿后，宁养院协助黄先生联络相关医疗机构签署了捐献角膜意愿书。后来，黄先生安详离世，家属根据他的遗愿捐出眼角膜。黄先生捐献角膜的爱心义举使5名生活在黑暗中的服务对象重见光明。<br/>&nbsp;&nbsp;&nbsp;&nbsp;&nbsp; 黄先生去世后的1个月，他的大儿子写了一封感谢信“……爸爸生病以来，得到了社会上许多热心人士的帮助与支持。我以后要好好读书，长大以后也要做个像他们一样的人，回报社会……”</span></span></span></span></p><p style=\"margin-top: 15px; margin-bottom: 15px; padding: 0px; outline: none; line-height: 27px; color: rgb(102, 102, 102); text-align: justify;\"><span style=\"color: rgb(0, 0, 0);\"><span style=\"line-height: 2em;\"><span style=\"font-size: 16px;\"><span style=\"font-family: 微软雅黑;\">天使情怀，慰藉生命最后一站</span></span></span></span></p><p style=\"margin-top: 15px; margin-bottom: 15px; padding: 0px; outline: none; line-height: 27px; color: rgb(102, 102, 102); text-align: justify;\"><span style=\"color: rgb(0, 0, 0);\"><span style=\"line-height: 2em;\"><span style=\"font-size: 16px;\"><span style=\"font-family: 微软雅黑;\">&nbsp;&nbsp;&nbsp;&nbsp;&nbsp; 纪伯是一名晚期胃癌患者。儿女四处寻医问药，耗尽所有财力。然而，病魔并没有因为儿女的孝心而停止侵蚀的脚步。无奈之下，纪伯只能带着腹腔插置的几条引流管回到家中“等日子”。父亲遭受的不适与痛苦也使儿女精神饱受煎熬，听闻有宁养院这么一个机构，女儿纪女士匆匆赶来求助。<br/>&nbsp;&nbsp;&nbsp;&nbsp;&nbsp; 去年3月的一天，宁养团队来到纪伯家。刚走到患者房间门口，一股怪异的味道扑鼻而来。当医生走近体检时，只见纪伯正张着口呼吸，满脸痛苦。医护人员掀开纪伯被子的一瞬间，患者身上的粪臭味和坏死组织的腥臭味令医护人员不禁打了好几个寒颤。只见患者的造瘘口处于完全开放状态，不断涌出的粪水样物及分泌物使患者整个人几乎浸泡在粪渍中。身旁的纪女士神色愧疚地告诉医生：“看到老人不舒服，我们也很着急，但又怕碰掉那些管子，不敢给他清洗……”<br/>&nbsp;&nbsp;&nbsp;&nbsp;&nbsp; 见此情景，已从事15年宁养工作的李文苑护理师匆匆转身，打开出诊包，拿出所有敷料，并请患者家属立即准备温水和干净毛巾，动手帮患者清洗起来。她一边清洗，一边教家属护理要点，十几分钟后，患者腹壁恢复了洁净。李护师又再为家属示范如何把干净的肛袋套好、密封，翻身清洁时如何保护好其它引流管等步骤，最后，与家属一同铺上干净的床单和防水垫，又为患者穿上干净的衣裤。在再次提醒护理操作注意事项后，宁养团队留下了联系电话，来不及休整便启程前往探访下一位患者。<br/>&nbsp;&nbsp;&nbsp;&nbsp;&nbsp; 此后几日，纪女士不时向宁养院打来电话，咨询用药和护理问题，医护人员总是给予耐心而详细的解答。一周后，纪女士再次来到宁养院，告诉他们父亲已经去世，走得安详、舒爽。纪女士动容地说：“你们真切的关怀带给我们全家最大的慰藉，你们是真正的白衣天使！”<br/>&nbsp;&nbsp;&nbsp;&nbsp;&nbsp; “医匠用手治病，专家用脑治病，大师用心治病”，这是宁养院主任曹伟华医生时常挂在嘴边的话。让每一位患者的生命携着爱与尊严谢幕，成为宁养人共同的信念。<br/>&nbsp;&nbsp;&nbsp;&nbsp;&nbsp; 本报记者 周敏</span></span></span></span></p><p style=\"margin-top: 0px; margin-bottom: 0px; padding: 0px; outline: none; color: rgb(102, 102, 102); font-family: 微软雅黑; font-size: 14px; white-space: normal; background-color: rgb(249, 249, 249); text-align: right;\"><span style=\"line-height: 2em;\"><span style=\"font-size: 16px;\"><span style=\"line-height: 2em;\"><span style=\"color: rgb(0, 0, 0); font-variant-numeric: normal; font-variant-east-asian: normal; text-align: start;\"><strong>摘自：2018年4月22日汕头日报第03版</strong></span></span></span></span></p><p><br/></p>',1557116319,1,1,50),(77,64,'宁养院举办家属健康教育活动','','宁养院举办家属健康教育活动','<p><span style=\"color: rgb(102, 102, 102); font-family: 微软雅黑; font-size: 14px; background-color: rgb(249, 249, 249);\"><span style=\"font-size: 16px;\"><span style=\"line-height: 2em;\">11月22日上午，宁养院举办主题为“有一种温暖叫感恩”的家属健康教育活动，旨在普及健康饮食知识，传递互助感恩温情。<br/>&nbsp;&nbsp;&nbsp;&nbsp;&nbsp; 活动分三个主要环节，首先是“健康饮食”讲座，汕头宁养院于澜营养师为大家做了详细的知识讲解。于老师首先运用生活常识阐明了营养和营养素对人体的重要作用，提高了家属对健康饮食的关注度，为饮食指导的开展打下了理论基础。随后，于老师对三餐的重要性和科学进食原则做了细致说明，大量的实例与示范使讲座内容生动易懂，力求为广大家属理解并运用。<br/>&nbsp;&nbsp;&nbsp;&nbsp;&nbsp; 第二个环节是共同观看《家·多点爱》视频。该短片生动地诠释了晚期癌症患者的内心真实需求，以及不同家庭成员如何做好临终前的陪伴，如何及时做好“四道人生”，展示了诸多专业元素与指导意见，让家属得到很多启示。有的家属在观看中感动落泪，纷纷表达受益匪浅。<br/>&nbsp;&nbsp;&nbsp;&nbsp;&nbsp;&nbsp; 最后环节是赠送生命故事书《有一种温暖叫感恩》。一则则短小的文章，都孕育着博大的人生智慧，如雨后新荷凝聚的水滴，晶莹剔透，折射着人生旅程中的每一缕阳光。我们相信，生命故事将启迪大家常拥有一颗感恩的心，让岁月多一些温馨，让陪伴多一些温暖，让家庭多一些温情。<br/>&nbsp;&nbsp;&nbsp;&nbsp;&nbsp; 宁养院通过此次活动，希望让家属将“温暖”和“感恩”带回家，让患者得到更多的关怀！</span></span></span><br/></p><p><span style=\"font-size: 16px;\"><span style=\"line-height: 2em;\">（科室：宁养院 &nbsp;负责人：曹伟华&nbsp; 撰稿人：于澜 ）</span></span></p><p><img src=\"/image/20190506/6369274215625064066888052.jpg\" title=\"20171123030724800.jpg\" alt=\"20171123030724800.jpg\"/></p>',1557116560,1,1,50),(80,64,'测试文章','/uploadimages/0507163330.jpg','测试文章','<p>啊啊啊<img src=\"/image/20190507/6369284360774684837204836.jpg\" title=\"20190430044500297.jpg\" alt=\"20190430044500297.jpg\" width=\"748\" height=\"534\"/></p>',1557218010,1,1,50);
/*!40000 ALTER TABLE `hm_article` ENABLE KEYS */;

#
# Structure for table "hm_article_category"
#

DROP TABLE IF EXISTS `hm_article_category`;
CREATE TABLE `hm_article_category` (
  `id` int(11) NOT NULL AUTO_INCREMENT COMMENT '文章分类表',
  `parent_id` int(10) unsigned NOT NULL DEFAULT '0' COMMENT '文章分类上级ID',
  `name` varchar(20) NOT NULL DEFAULT '',
  PRIMARY KEY (`id`),
  KEY `parent_id` (`parent_id`)
) ENGINE=MyISAM AUTO_INCREMENT=65 DEFAULT CHARSET=utf8;

#
# Data for table "hm_article_category"
#

/*!40000 ALTER TABLE `hm_article_category` DISABLE KEYS */;
INSERT INTO `hm_article_category` VALUES (0,0,'顶级分类'),(21,0,'新闻中心'),(22,21,'通知公告'),(23,21,'人才招聘'),(24,21,'媒体视角'),(26,0,'党建栏目'),(27,26,'党建专栏'),(28,26,'纪检监察'),(29,26,'职工之家'),(30,26,'青春风采'),(31,26,'青年文明号'),(32,26,'作风建设'),(33,0,'医护天地'),(34,33,'医护动态'),(35,33,'护理动态'),(36,33,'医疗质量管理动态'),(37,33,'名医名项'),(39,21,'招标公告'),(41,0,'医院介绍'),(42,41,'医院简介'),(43,41,'执业许可证'),(44,41,'历史回顾'),(45,41,'医院荣誉'),(46,41,'中枢神经领域教育平台'),(47,0,'就医服务'),(48,47,'门诊指南'),(49,47,'入院指南'),(50,47,'医保指南'),(51,47,'体检项目'),(52,47,'出诊信息'),(53,33,'专科护理'),(54,0,'科研教学'),(55,0,'慈善公益'),(56,54,'科学研究'),(57,54,'教学工作'),(58,54,'专业培训'),(59,54,'继续教育'),(60,54,'学科建设'),(61,55,'广东省鸿光医疗救助会'),(62,55,'宋庆龄基金会'),(63,55,'锦峰公益行动'),(64,55,'宁养院');
/*!40000 ALTER TABLE `hm_article_category` ENABLE KEYS */;

#
# Structure for table "hm_doctor"
#

DROP TABLE IF EXISTS `hm_doctor`;
CREATE TABLE `hm_doctor` (
  `Id` int(11) NOT NULL AUTO_INCREMENT,
  `sex` int(11) NOT NULL DEFAULT '0' COMMENT '0是女 1是男',
  `job` varchar(20) NOT NULL DEFAULT '' COMMENT '职称',
  `edu` int(11) NOT NULL DEFAULT '0' COMMENT '1初中 2高中 3本科 4硕士 5博士 6博士后',
  `Room` varchar(20) NOT NULL DEFAULT '' COMMENT '科室',
  `OpRoom` varchar(20) NOT NULL DEFAULT '' COMMENT '门诊科室',
  `OpTime` varchar(60) NOT NULL DEFAULT '' COMMENT '出诊时间',
  `description` text NOT NULL COMMENT '个人简介',
  `name` varchar(20) NOT NULL DEFAULT '' COMMENT '医生姓名',
  `image` varchar(50) NOT NULL DEFAULT '' COMMENT '医生图片',
  PRIMARY KEY (`Id`)
) ENGINE=MyISAM AUTO_INCREMENT=11 DEFAULT CHARSET=utf8;

#
# Data for table "hm_doctor"
#

/*!40000 ALTER TABLE `hm_doctor` DISABLE KEYS */;
INSERT INTO `hm_doctor` VALUES (1,1,'教授,研究生导师',5,'精神科','情感障碍门诊','周一上午,周四上午','1985年毕业于华西医科大学，从事精神科临床32年，获中国医师协会精神科医师分会“优秀精神科医师”称号。擅长治疗的症状：擅长诊治各类重性精神障碍、情绪障碍，富有心理治疗经验。参与各学术组织的情况：任广东省医学会精神医学分会副主任委员，广东省医师协会精神科医师协会常委，广东省心理卫生协会副理事长，汕头市医学会精神病学分会主任委员。主持汕头大学医学院《精神病学》、《沟通技能》模块教学，获汕头大学李嘉诚基金会“卓越教师奖”。主持完成国家自然科学基金、广东省自然科学基金各1项。','许崇涛','/uploadimages/0503215740.jpg'),(3,1,'主任医师,教授',5,'精神科 ','儿少精神科门诊','周三上午',' 1983年湖南湘雅医科大学毕业以来，在医学院的附属医院从事精神病学和医学心理学的临床教学和科研工作30多年，擅长抑郁症、焦虑障碍等各种精神疾病的诊断和治疗，擅长心理咨询和心理治疗。目前担任中国心理学会医学心理学专业委员会委员、中国心理卫生协会心理评估专业委员会委员、《国际精神病学杂志》和《中国临床心理学杂志》编委。','刘少文','/uploadimages/0503223843.jpg'),(4,1,'主任医生',5,'精神科','精神科','周二上午，周三上午','从医近30余年，擅长各类重性精神疾病、抑郁症、焦虑症及失眠症等治疗与康复。2006年取得德国法兰克福精神分析研究院颁发的心理治疗师资格，针对心理疾患人群开展心理治疗取得良好的效果。现任广东省心理卫生协会常务理事，广东省心理咨询师专业委员会常委。广东省精神残疾康复专业委员会副主任委员，汕头市精神残疾协会主席。','郑少雄','/uploadimages/0503223947.jpg'),(5,1,'主任医师,心理治疗师',3,'精神科','精神科','周二下午、周四上午','1994年毕业于广东省汕头大学医学院临床医学专业，至今在汕头大学精神卫生中心从事精神科临床、科研及教学工作（长期担任本科生、研究生的临床实习、见习带教工作），从医二十多年，担任病区主任十多年，有丰富的临床经验。擅长于难治性精神分裂症、躁狂症、抑郁症、焦虑症、癫痫性精神障碍、气功所致精神障碍、酒精所致精神障碍、儿童情绪与行为问题、老年性痴呆的治疗和心理咨询及心理治疗。主持广东省卫生厅医学科学技术研究基金等立项四项，研究方向为难治性精神障碍的治疗与临床精神药物的应用。是国家自然科学基金项目精神疾病、神经系统疾病评审专家，是广东省科技厅、江苏省科技厅、四川省科技厅等省的科技评审专家。','肖勃','/uploadimages/0503224716.jpg'),(6,1,'主任医师,医学院兼聘教授',3,'精神科','精神科','周一下午，周三上午','汕大医学院临床医学本科毕业，华西医科大学精神医学研修班结业。从事精神病学与医学心理学的临床、教学、科研工作30年，擅长于精神分裂症、抑郁症、癫痫、儿童行为问题、老年性痴呆等疾病的治疗，对精神疾病和精神创伤的司法鉴定有深入研究。现为汕大精神卫生中心潮州脑科医院执行院长，汕大司法鉴定中心法医精神病学科组组长，司法部法医精神病学鉴定专业司法鉴定人；广东省法医精神病学专业委员会委员、省心理学会理事；汕头市心理学会副理事长、市司法鉴定学会理事、市精神病学专业委员会委员；《中华行为医学与脑科学杂志》通讯编委。承担医学院研究生、本科生和成教生的《精神病学》、《司法精神病学》、《犯罪心理学》和《医学心理学》等课程的教学，培养硕士研究生多名；主持省部、市厅级科研课题多项，发表论文50多篇，多次获得省、市科技进步奖。','朱少毅','/uploadimages/0503224149.jpg'),(7,1,'主任医师',3,'精神科','精神科','周一上午,周二下午','毕业于汕头大学医学院，获本科学士学位。从事精神科临床、教学、科研工作工作20来年，长期工作在临床一线，熟悉临床精神医学及医学心理学，积累了丰富的临床经验；负责大量门诊病人的诊疗工作，组织病房开展疑难病人查房；负责下级医师、研究生及学生的带教工作；擅长心理咨询、失眠、焦虑症、情感障碍（躁狂、忧郁症）、精神分裂症、癫痫及所致精神障碍等疾病的诊断治疗；参加卫生部举行的精神科临床进修班学习1年；主持省市级科研立项3项，发表精神科专业论文十多篇。','卓永宁','/uploadimages/0503224240.jpg'),(8,0,'主任医师,医学硕士',4,'精神科 ','精神科','周一全天,周五全天','1989年汕头大学医学院医疗专业毕业，获医学学士学位。1993年在北京医科大学精神卫生研究所进修。2005年汕头大学医学院精神病与精神卫生专业研究生毕业，获医学硕士学位。临床工作：自1989年大学毕业后一直在汕头大学精神卫生中心工作。擅长各类精神障碍的诊治，特别是失眠、行为异常、心理咨询与妇女精神障碍。科学研究：主要研究抑郁症的发病机理，先后完成汕头市重点科技项目与省卫生厅课题，均为项目负责人。在《中华精神科杂志》与《中国行为医学科学》等国家级刊物发表论文近10篇。','陈纯姿','/uploadimages/0503224330.jpg'),(9,1,'主任医师',3,'精神科','精神科','周三上午','1989年毕业于汕头大学医学院医疗系，从事精神科临床、教学、科研及病房管理工作近30年。擅长对脑外伤所致精神障碍、各类型的精神分裂症、躁狂症、抑郁症、焦虑症、强迫症、睡眠障碍等常见疾病的诊断治疗，对精神科急救、复杂疑难病例的诊断和治疗积累丰富的临床实践经验。曾参加由香港中文大学主办的心理认知行为治疗高级培训班学习，从事心理咨询，开展认知行为（CBT）治疗。主持完成市厅级以上课题3项，在省级以上专业学术期刊发表论文二十多篇。','陈平周','/uploadimages/0503224412.jpg'),(10,0,'主任医师',3,'精神科 ','精神科','周二上午,周五下午','1991年毕业于汕头大学医学院临床医疗专业，从事精神科临床工作26年余，擅长治疗各类精神疾病，如精神分裂症、情感性精神病（躁狂症抑郁症）、精神活性物质所致精神障碍、强迫症、焦虑症、睡眠障碍等。广东省和汕头市心理学会会员，劳动能力鉴定专家组成员，承担临床规培医生的带教和考核，曾主持及完成汕头市科委立项“影响儿童期心理卫生的家庭心理因素研究”，发表论文十余篇。','梁春莲','/uploadimages/0503224501.jpg');
/*!40000 ALTER TABLE `hm_doctor` ENABLE KEYS */;

#
# Structure for table "hm_gonggao"
#

DROP TABLE IF EXISTS `hm_gonggao`;
CREATE TABLE `hm_gonggao` (
  `id` int(11) NOT NULL AUTO_INCREMENT COMMENT '文章表',
  `title` varchar(20) NOT NULL DEFAULT '' COMMENT '标题',
  `description` text COMMENT '描述',
  `content` text COMMENT '内容',
  `addtime` int(11) NOT NULL DEFAULT '0' COMMENT '添加时间',
  `is_show` int(11) NOT NULL DEFAULT '1' COMMENT '是否显示 1显示 2隐藏',
  `type` int(11) NOT NULL DEFAULT '1' COMMENT '1通报 2公示，',
  `tougao` varchar(20) DEFAULT NULL COMMENT '发布单位',
  `shenpi` varchar(20) DEFAULT NULL COMMENT '审批人',
  `dianji` int(50) NOT NULL DEFAULT '0',
  PRIMARY KEY (`id`)
) ENGINE=MyISAM AUTO_INCREMENT=48 DEFAULT CHARSET=utf8;

#
# Data for table "hm_gonggao"
#

/*!40000 ALTER TABLE `hm_gonggao` DISABLE KEYS */;
INSERT INTO `hm_gonggao` VALUES (8,'通知公告--停水','234','<p>&lt;p&gt;234&lt;/p&gt;&nbsp; &nbsp; 342342234</p>',1556939217,1,0,'234','234',0),(15,'通知公告--断电',NULL,'<p>&lt;p&gt;234&lt;/p&gt;\r\n &nbsp; &nbsp;</p>',1556939229,1,0,'test','test',0),(38,'通知公告--泰山路维修',NULL,NULL,1556939250,1,0,'test','test',0),(39,'通知公告--新进急救车',NULL,NULL,1556939263,1,0,'test','test',0),(40,'通知公告--病人医闹',NULL,NULL,1556939279,1,0,'test','test',0),(42,'通知公告--上级领导巡视',NULL,NULL,1556939295,1,0,'test','test',0);
/*!40000 ALTER TABLE `hm_gonggao` ENABLE KEYS */;

#
# Structure for table "hm_rbac_power"
#

DROP TABLE IF EXISTS `hm_rbac_power`;
CREATE TABLE `hm_rbac_power` (
  `id` int(11) NOT NULL AUTO_INCREMENT COMMENT '权限模块表',
  `name` varchar(20) NOT NULL DEFAULT '',
  `parent_id` int(11) NOT NULL DEFAULT '0',
  `icon` varchar(30) NOT NULL DEFAULT '',
  `controller` varchar(20) NOT NULL DEFAULT '' COMMENT '控制器名',
  `action` varchar(20) NOT NULL DEFAULT '' COMMENT '方法名',
  `sort` int(11) NOT NULL DEFAULT '50',
  PRIMARY KEY (`id`),
  KEY `parent_id` (`parent_id`)
) ENGINE=MyISAM AUTO_INCREMENT=87 DEFAULT CHARSET=utf8;

#
# Data for table "hm_rbac_power"
#

/*!40000 ALTER TABLE `hm_rbac_power` DISABLE KEYS */;
INSERT INTO `hm_rbac_power` VALUES (2,'广告管理',0,'fa fa-photo','','',30),(3,'文章管理',0,'fa fa-file-text-o','','',40),(4,'公告管理',0,'fa fa-cogs','','',59),(5,'权限管理',0,'fa fa-suitcase','','',60),(8,'系统管理',0,'fa fa-cogs','','',50),(9,'广告位置',2,'','Admod','adposition',50),(10,'广告列表',2,'','Admod','index',50),(11,'文章分类',3,'','ArticleMod','ArticleCategory',50),(12,'文章列表',3,'','ArticleMod','index',50),(13,'公告内容',4,'','GongGaoMod','index',50),(14,'管理员列表',5,'','RoleMod','index',50),(15,'角色管理',5,'','RoleMod','Role',50),(20,'操作日志',5,'','RoleMod','Log',50),(43,'统计报表',0,'fa fa-bar-chart','','',50),(44,'访问统计',43,'','../Manager','right',50),(81,'人员管理',0,'fa fa-suitcase','','',50),(82,'医生管理',81,'','DoctorMod','index',50),(83,'文章审核',3,'','ArticleMod','Articlereview',50),(85,'友情链接设置',8,'','SystemManager','FriendLinks',50),(86,'网站底部设置',8,'','SystemManager','SystemFoot',50);
/*!40000 ALTER TABLE `hm_rbac_power` ENABLE KEYS */;

#
# Structure for table "hm_rbac_power_role"
#

DROP TABLE IF EXISTS `hm_rbac_power_role`;
CREATE TABLE `hm_rbac_power_role` (
  `id` int(11) NOT NULL AUTO_INCREMENT COMMENT '角色与权限关联表',
  `power_id` int(11) NOT NULL DEFAULT '0',
  `role_id` int(11) NOT NULL DEFAULT '0',
  PRIMARY KEY (`id`),
  KEY `power_id` (`power_id`),
  KEY `role_id` (`role_id`)
) ENGINE=MyISAM AUTO_INCREMENT=143 DEFAULT CHARSET=utf8;

#
# Data for table "hm_rbac_power_role"
#

/*!40000 ALTER TABLE `hm_rbac_power_role` DISABLE KEYS */;
INSERT INTO `hm_rbac_power_role` VALUES (132,12,19),(133,44,19),(134,9,20),(135,10,20),(136,44,20),(137,83,21),(138,44,21),(139,44,22),(140,82,22),(141,44,23),(142,13,23);
/*!40000 ALTER TABLE `hm_rbac_power_role` ENABLE KEYS */;

#
# Structure for table "hm_rbac_role"
#

DROP TABLE IF EXISTS `hm_rbac_role`;
CREATE TABLE `hm_rbac_role` (
  `id` int(11) NOT NULL AUTO_INCREMENT COMMENT '角色表',
  `name` varchar(20) NOT NULL DEFAULT '',
  PRIMARY KEY (`id`)
) ENGINE=MyISAM AUTO_INCREMENT=24 DEFAULT CHARSET=utf8;

#
# Data for table "hm_rbac_role"
#

/*!40000 ALTER TABLE `hm_rbac_role` DISABLE KEYS */;
INSERT INTO `hm_rbac_role` VALUES (1,'超级管理员'),(19,'文章管理员'),(20,'广告管理员'),(21,'文章审核管理员'),(22,'人员管理员'),(23,'公告管理员');
/*!40000 ALTER TABLE `hm_rbac_role` ENABLE KEYS */;

#
# Structure for table "hm_rbac_role_admin"
#

DROP TABLE IF EXISTS `hm_rbac_role_admin`;
CREATE TABLE `hm_rbac_role_admin` (
  `id` int(11) NOT NULL AUTO_INCREMENT COMMENT '角色与管理员关联表',
  `admin_id` int(11) NOT NULL DEFAULT '0',
  `role_id` int(11) NOT NULL DEFAULT '0',
  PRIMARY KEY (`id`),
  KEY `admin_id` (`admin_id`),
  KEY `role_id` (`role_id`)
) ENGINE=MyISAM AUTO_INCREMENT=23 DEFAULT CHARSET=utf8;

#
# Data for table "hm_rbac_role_admin"
#

/*!40000 ALTER TABLE `hm_rbac_role_admin` DISABLE KEYS */;
INSERT INTO `hm_rbac_role_admin` VALUES (1,1,1),(2,11,1),(5,7,1),(19,1247,19),(20,1248,21),(21,1249,20),(22,1250,23);
/*!40000 ALTER TABLE `hm_rbac_role_admin` ENABLE KEYS */;

#
# Structure for table "hm_review"
#

DROP TABLE IF EXISTS `hm_review`;
CREATE TABLE `hm_review` (
  `Id` int(11) NOT NULL AUTO_INCREMENT,
  `adminid` int(11) NOT NULL DEFAULT '0',
  `review` int(11) NOT NULL DEFAULT '1' COMMENT '1审核中 2审核通过 3审核不通过',
  `reviewtime` int(11) DEFAULT '0' COMMENT '审核时间',
  PRIMARY KEY (`Id`)
) ENGINE=MyISAM AUTO_INCREMENT=81 DEFAULT CHARSET=utf8;

#
# Data for table "hm_review"
#

/*!40000 ALTER TABLE `hm_review` DISABLE KEYS */;
INSERT INTO `hm_review` VALUES (15,7,2,1557113131),(16,7,2,1556890146),(17,7,2,1557113134),(18,7,2,1556890148),(19,7,2,1556890149),(20,7,2,1556890150),(21,7,2,1556890152),(22,7,2,1557113128),(23,7,2,1557116579),(24,7,2,1557113127),(25,7,2,1556890157),(26,7,2,1556890158),(27,7,2,1556890160),(28,7,2,1556890162),(29,7,2,1556890164),(30,7,2,1556890165),(31,7,2,1556890167),(32,7,2,1556890168),(33,7,2,1556890169),(34,7,2,1556890170),(35,7,2,1557115904),(36,7,2,1557115902),(37,7,2,1556890184),(38,7,2,1556890187),(40,7,2,1556890575),(41,7,2,1556890869),(42,7,2,1556890885),(43,7,2,1557113132),(44,7,2,1556891468),(45,7,2,1556895793),(46,7,2,1556896547),(47,7,2,1556896852),(48,7,2,1556897103),(49,7,2,1557111372),(50,7,2,1557111371),(51,7,2,1557113130),(52,7,2,1557111465),(53,7,2,1557113129),(54,7,2,1557112171),(55,7,2,1557112616),(56,7,2,1557112615),(57,7,2,1557112614),(58,7,2,1557112613),(59,7,2,1557112612),(60,7,2,1557112610),(61,7,2,1557112857),(62,7,2,1557113125),(63,7,2,1557113123),(64,7,2,1557113124),(65,7,2,1557113122),(66,7,2,1557113233),(67,7,2,1557113232),(68,7,2,1557113231),(69,7,2,1557116337),(70,7,2,1557116336),(71,7,2,1557116334),(72,7,2,1557116333),(73,7,2,1557116331),(74,7,2,1557116325),(75,7,2,1557116323),(76,7,2,1557116322),(77,7,2,1557116581),(80,7,2,1559182242);
/*!40000 ALTER TABLE `hm_review` ENABLE KEYS */;

#
# Structure for table "hm_systemfoot"
#

DROP TABLE IF EXISTS `hm_systemfoot`;
CREATE TABLE `hm_systemfoot` (
  `id` int(11) NOT NULL AUTO_INCREMENT,
  `email` varchar(20) NOT NULL DEFAULT '' COMMENT '邮箱地址',
  `zipcode` varchar(20) NOT NULL DEFAULT '' COMMENT '邮编',
  `logo` varchar(50) NOT NULL DEFAULT '' COMMENT '底部logo',
  `phone` varchar(20) NOT NULL DEFAULT '' COMMENT '总机',
  `footstr` varchar(100) NOT NULL DEFAULT '' COMMENT '底部备案号',
  `address` varchar(50) NOT NULL DEFAULT '' COMMENT '地址',
  `faxphone` varchar(30) NOT NULL DEFAULT '' COMMENT '传真电话',
  PRIMARY KEY (`id`)
) ENGINE=MyISAM AUTO_INCREMENT=2 DEFAULT CHARSET=utf8 COMMENT='系统设置';

#
# Data for table "hm_systemfoot"
#

/*!40000 ALTER TABLE `hm_systemfoot` DISABLE KEYS */;
INSERT INTO `hm_systemfoot` VALUES (1,'office@stumhc.cn ','515065','/uploadimages/0503225243.gif','82902704','粤ICP备12005830号 [粤卫网审（2011）153号]','汕头市泰山北路万吉片区','82902704');
/*!40000 ALTER TABLE `hm_systemfoot` ENABLE KEYS */;

#
# Structure for table "hm_systemfriendlink"
#

DROP TABLE IF EXISTS `hm_systemfriendlink`;
CREATE TABLE `hm_systemfriendlink` (
  `Id` int(11) NOT NULL AUTO_INCREMENT,
  `linkname` varchar(20) NOT NULL DEFAULT '' COMMENT '链接名',
  `url` varchar(100) NOT NULL DEFAULT '' COMMENT '链接地址',
  PRIMARY KEY (`Id`)
) ENGINE=MyISAM AUTO_INCREMENT=9 DEFAULT CHARSET=utf8;

#
# Data for table "hm_systemfriendlink"
#

/*!40000 ALTER TABLE `hm_systemfriendlink` DISABLE KEYS */;
INSERT INTO `hm_systemfriendlink` VALUES (1,'汕头大学','https://www.stu.edu.cn/'),(2,'汕头口腔医疗中心','http://www.stkqzx.com/'),(3,'汕头市卫生和计划生育局','http://www.stwsj.gov.cn/'),(5,'汕头市龙湖人民医院','http://www.stlhrmyy.com/'),(6,'汕头潮南民生医院','http://www.stcnms.com/'),(8,'李嘉诚基金会','http://www.lksf.org/?lang=hk');
/*!40000 ALTER TABLE `hm_systemfriendlink` ENABLE KEYS */;

#
# Structure for table "hm_userlog"
#

DROP TABLE IF EXISTS `hm_userlog`;
CREATE TABLE `hm_userlog` (
  `Id` int(11) NOT NULL AUTO_INCREMENT,
  `ip` varchar(32) NOT NULL DEFAULT '0' COMMENT '访问用户的ip',
  `time` date NOT NULL DEFAULT '2000-01-01' COMMENT '访问的时间',
  PRIMARY KEY (`Id`)
) ENGINE=MyISAM AUTO_INCREMENT=765 DEFAULT CHARSET=utf8;

#
# Data for table "hm_userlog"
#

/*!40000 ALTER TABLE `hm_userlog` DISABLE KEYS */;
INSERT INTO `hm_userlog` VALUES (1,'::1','2019-01-27'),(2,'::1','2019-01-20'),(3,'::1','2019-02-27'),(4,'::1','2019-02-24'),(5,'::1','2019-02-27'),(6,'::1','2015-02-20'),(7,'::1','2015-03-20'),(8,'::1','2015-03-20'),(9,'2','2019-02-27'),(15,'::1','2019-02-27'),(16,'::1','2019-02-27'),(17,'::1','2019-02-27'),(18,'::1','2019-02-27'),(19,'::1','2019-02-27'),(20,'::1','2019-02-27'),(21,'::1','2019-02-27'),(22,'::1','2019-02-27'),(23,'::1','2019-02-27'),(24,'116.26.135.4','2019-02-27'),(25,'116.26.135.4','2019-02-27'),(26,'183.3.227.100','2019-02-27'),(27,'183.3.227.100','2019-02-27'),(28,'61.151.207.141','2019-02-27'),(29,'::1','2019-02-27'),(30,'::1','2019-02-27'),(31,'::1','2019-02-27'),(32,'::1','2019-02-27'),(33,'::1','2019-02-27'),(34,'::1','2019-02-27'),(35,'::1','2019-02-27'),(36,'::1','2019-02-27'),(37,'::1','2019-02-27'),(38,'::1','2019-02-27'),(39,'::1','2019-02-27'),(40,'::1','2019-02-27'),(41,'::1','2019-02-27'),(42,'::1','2019-02-27'),(43,'::1','2019-02-27'),(44,'::1','2019-02-27'),(45,'::1','2019-02-27'),(46,'::1','2019-02-27'),(47,'::1','2019-02-27'),(48,'::1','2019-02-28'),(49,'116.26.135.4','2019-02-28'),(50,'14.146.94.106','2019-02-28'),(51,'14.146.94.106','2019-02-28'),(52,'::1','2019-02-28'),(53,'::1','2019-02-28'),(54,'::1','2019-02-28'),(55,'::1','2019-02-28'),(56,'::1','2019-02-28'),(57,'::1','2019-02-28'),(58,'::1','2019-02-28'),(59,'::1','2019-02-28'),(60,'::1','2019-02-28'),(61,'183.3.255.35','2019-02-28'),(62,'101.226.226.221','2019-02-28'),(63,'183.3.255.35','2019-02-28'),(64,'183.3.255.35','2019-02-28'),(65,'183.3.255.35','2019-02-28'),(66,'116.26.138.145','2019-02-28'),(67,'116.26.138.145','2019-02-28'),(68,'116.26.138.145','2019-02-28'),(69,'183.3.255.35','2019-02-28'),(70,'183.3.255.35','2019-02-28'),(71,'::1','2019-02-28'),(72,'::1','2019-02-28'),(73,'::1','2019-03-01'),(74,'::1','2019-03-01'),(75,'::1','2019-03-01'),(76,'::1','2019-03-01'),(77,'::1','2019-03-01'),(78,'::1','2019-03-01'),(79,'::1','2019-03-01'),(80,'::1','2019-03-01'),(81,'::1','2019-03-01'),(82,'::1','2019-03-01'),(83,'::1','2019-03-01'),(84,'223.74.126.212','2019-03-01'),(85,'116.26.139.254','2019-03-03'),(86,'::1','2019-03-03'),(87,'::1','2019-03-03'),(88,'::1','2019-03-03'),(89,'183.57.54.43','2019-03-03'),(90,'::1','2019-03-04'),(91,'::1','2019-03-04'),(92,'::1','2019-03-04'),(93,'::1','2019-03-04'),(94,'::1','2019-03-05'),(95,'116.26.137.143','2019-03-05'),(96,'116.26.137.143','2019-03-05'),(97,'183.3.255.35','2019-03-05'),(98,'116.26.137.143','2019-03-05'),(99,'101.89.29.97','2019-03-05'),(100,'::1','2019-03-05'),(101,'::1','2019-03-05'),(102,'::1','2019-03-05'),(103,'::1','2019-03-05'),(104,'::1','2019-03-05'),(105,'::1','2019-03-05'),(106,'::1','2019-03-05'),(107,'::1','2019-03-05'),(108,'::1','2019-03-05'),(109,'::1','2019-03-05'),(110,'::1','2019-03-05'),(111,'::1','2019-03-05'),(112,'::1','2019-03-05'),(113,'::1','2019-03-05'),(114,'::1','2019-03-05'),(115,'::1','2019-03-05'),(116,'::1','2019-03-05'),(117,'::1','2019-03-05'),(118,'::1','2019-03-05'),(119,'::1','2019-03-05'),(120,'::1','2019-03-05'),(121,'::1','2019-03-05'),(122,'::1','2019-03-05'),(123,'::1','2019-03-05'),(124,'::1','2019-03-05'),(125,'::1','2019-03-05'),(126,'::1','2019-03-05'),(127,'::1','2019-03-05'),(128,'::1','2019-03-05'),(129,'::1','2019-03-05'),(130,'::1','2019-03-05'),(131,'::1','2019-03-05'),(132,'::1','2019-03-05'),(133,'::1','2019-03-05'),(134,'::1','2019-03-05'),(135,'116.26.137.143','2019-03-05'),(136,'116.26.137.143','2019-03-05'),(137,'::1','2019-03-05'),(138,'::1','2019-03-05'),(139,'::1','2019-03-05'),(140,'::1','2019-03-05'),(141,'::1','2019-03-05'),(142,'::1','2019-03-05'),(143,'::1','2019-03-05'),(144,'::1','2019-03-05'),(145,'::1','2019-03-05'),(146,'::1','2019-03-05'),(147,'::1','2019-03-05'),(148,'::1','2019-03-05'),(149,'::1','2019-03-05'),(150,'::1','2019-03-05'),(151,'::1','2019-03-05'),(152,'::1','2019-03-05'),(153,'::1','2019-03-05'),(154,'::1','2019-03-05'),(155,'::1','2019-03-05'),(156,'::1','2019-03-05'),(157,'::1','2019-03-05'),(158,'::1','2019-03-05'),(159,'::1','2019-03-05'),(160,'::1','2019-03-05'),(161,'::1','2019-03-05'),(162,'::1','2019-03-05'),(163,'::1','2019-03-05'),(164,'::1','2019-03-05'),(165,'::1','2019-03-05'),(166,'::1','2019-03-05'),(167,'::1','2019-03-05'),(168,'::1','2019-03-05'),(169,'::1','2019-03-05'),(170,'::1','2019-03-05'),(171,'::1','2019-03-05'),(172,'::1','2019-03-05'),(173,'::1','2019-03-05'),(174,'::1','2019-03-05'),(175,'::1','2019-03-05'),(176,'::1','2019-03-05'),(177,'::1','2019-03-05'),(178,'::1','2019-03-05'),(179,'::1','2019-03-05'),(180,'::1','2019-03-05'),(181,'::1','2019-03-05'),(182,'::1','2019-03-05'),(183,'::1','2019-03-05'),(184,'::1','2019-03-05'),(185,'::1','2019-03-05'),(186,'::1','2019-03-05'),(187,'::1','2019-03-05'),(188,'::1','2019-03-05'),(189,'::1','2019-03-05'),(190,'::1','2019-03-05'),(191,'::1','2019-03-05'),(192,'::1','2019-03-05'),(193,'::1','2019-03-05'),(194,'::1','2019-03-05'),(195,'::1','2019-03-05'),(196,'::1','2019-03-05'),(197,'::1','2019-03-05'),(198,'::1','2019-03-05'),(199,'::1','2019-03-05'),(200,'::1','2019-03-05'),(201,'::1','2019-03-05'),(202,'::1','2019-03-05'),(203,'::1','2019-03-05'),(204,'::1','2019-03-05'),(205,'::1','2019-03-05'),(206,'::1','2019-03-05'),(207,'::1','2019-03-05'),(208,'::1','2019-03-05'),(209,'::1','2019-03-05'),(210,'::1','2019-03-05'),(211,'::1','2019-03-05'),(212,'::1','2019-03-05'),(213,'::1','2019-03-05'),(214,'::1','2019-03-05'),(215,'::1','2019-03-05'),(216,'::1','2019-03-05'),(217,'::1','2019-03-05'),(218,'::1','2019-03-05'),(219,'::1','2019-03-05'),(220,'::1','2019-03-05'),(221,'::1','2019-03-05'),(222,'::1','2019-03-05'),(223,'::1','2019-03-05'),(224,'::1','2019-03-05'),(225,'::1','2019-03-05'),(226,'::1','2019-03-05'),(227,'::1','2019-03-05'),(228,'::1','2019-03-05'),(229,'::1','2019-03-05'),(230,'::1','2019-03-05'),(231,'::1','2019-03-05'),(232,'::1','2019-03-05'),(233,'::1','2019-03-05'),(234,'61.142.10.87','2019-03-06'),(235,'::1','2019-03-06'),(236,'::1','2019-03-06'),(237,'::1','2019-03-06'),(238,'::1','2019-03-06'),(239,'::1','2019-03-06'),(240,'::1','2019-03-06'),(241,'::1','2019-03-06'),(242,'::1','2019-03-06'),(243,'::1','2019-03-06'),(244,'::1','2019-03-06'),(245,'::1','2019-03-06'),(246,'::1','2019-03-06'),(247,'::1','2019-03-06'),(248,'::1','2019-03-06'),(249,'61.142.10.87','2019-03-06'),(250,'::1','2019-03-06'),(251,'::1','2019-03-06'),(252,'::1','2019-03-06'),(253,'::1','2019-03-06'),(254,'::1','2019-03-06'),(255,'::1','2019-03-06'),(256,'::1','2019-03-06'),(257,'::1','2019-03-06'),(258,'::1','2019-03-06'),(259,'::1','2019-03-06'),(260,'::1','2019-03-06'),(261,'::1','2019-03-06'),(262,'::1','2019-03-06'),(263,'::1','2019-03-06'),(264,'::1','2019-03-06'),(265,'::1','2019-03-06'),(266,'::1','2019-03-06'),(267,'::1','2019-03-06'),(268,'::1','2019-03-06'),(269,'::1','2019-03-06'),(270,'::1','2019-03-06'),(271,'::1','2019-03-06'),(272,'::1','2019-03-06'),(273,'::1','2019-03-06'),(274,'::1','2019-03-06'),(275,'::1','2019-03-06'),(276,'::1','2019-03-06'),(277,'::1','2019-03-06'),(278,'::1','2019-03-06'),(279,'::1','2019-03-06'),(280,'::1','2019-03-06'),(281,'::1','2019-03-06'),(282,'61.142.10.87','2019-03-06'),(283,'::1','2019-03-06'),(284,'::1','2019-03-06'),(285,'::1','2019-03-06'),(286,'::1','2019-03-06'),(287,'::1','2019-03-06'),(288,'61.142.10.87','2019-03-06'),(289,'::1','2019-03-06'),(290,'::1','2019-03-06'),(291,'::1','2019-03-06'),(292,'::1','2019-03-06'),(293,'::1','2019-03-06'),(294,'::1','2019-03-06'),(295,'::1','2019-03-06'),(296,'::1','2019-03-06'),(297,'::1','2019-03-06'),(298,'::1','2019-03-06'),(299,'::1','2019-03-06'),(300,'::1','2019-03-06'),(301,'::1','2019-03-06'),(302,'::1','2019-03-06'),(303,'::1','2019-03-06'),(304,'::1','2019-03-06'),(305,'::1','2019-03-06'),(306,'::1','2019-03-06'),(307,'::1','2019-03-06'),(308,'::1','2019-03-06'),(309,'::1','2019-03-06'),(310,'::1','2019-03-06'),(311,'::1','2019-03-06'),(312,'::1','2019-03-06'),(313,'::1','2019-03-06'),(314,'61.142.10.87','2019-03-06'),(315,'::1','2019-03-06'),(316,'::1','2019-03-06'),(317,'61.142.10.87','2019-03-06'),(318,'::1','2019-03-06'),(319,'::1','2019-03-06'),(320,'::1','2019-03-06'),(321,'61.142.10.87','2019-03-06'),(322,'::1','2019-03-06'),(323,'::1','2019-03-06'),(324,'::1','2019-03-06'),(325,'::1','2019-03-06'),(326,'::1','2019-03-06'),(327,'::1','2019-03-06'),(328,'::1','2019-03-06'),(329,'::1','2019-03-06'),(330,'::1','2019-03-06'),(331,'::1','2019-03-06'),(332,'::1','2019-03-06'),(333,'::1','2019-03-06'),(334,'::1','2019-03-06'),(335,'::1','2019-03-06'),(336,'::1','2019-03-06'),(337,'::1','2019-03-06'),(338,'::1','2019-03-06'),(339,'::1','2019-03-06'),(340,'::1','2019-03-06'),(341,'::1','2019-03-06'),(342,'::1','2019-03-06'),(343,'::1','2019-03-06'),(344,'::1','2019-03-06'),(345,'61.142.10.87','2019-03-06'),(346,'183.57.54.43','2019-03-07'),(347,'61.142.10.87','2019-03-07'),(348,'::1','2019-03-07'),(349,'::1','2019-03-07'),(350,'61.142.10.87','2019-03-07'),(351,'::1','2019-03-07'),(352,'::1','2019-03-07'),(353,'::1','2019-03-07'),(354,'::1','2019-03-07'),(355,'::1','2019-03-07'),(356,'::1','2019-03-07'),(357,'::1','2019-03-07'),(358,'::1','2019-03-07'),(359,'::1','2019-03-07'),(360,'::1','2019-03-07'),(361,'::1','2019-03-07'),(362,'::1','2019-03-07'),(363,'::1','2019-03-07'),(364,'::1','2019-03-07'),(365,'::1','2019-03-07'),(366,'::1','2019-03-07'),(367,'::1','2019-03-07'),(368,'::1','2019-03-07'),(369,'::1','2019-03-07'),(370,'::1','2019-03-07'),(371,'::1','2019-03-07'),(372,'61.142.10.87','2019-03-07'),(373,'::1','2019-03-07'),(374,'::1','2019-03-07'),(375,'::1','2019-03-07'),(376,'::1','2019-03-07'),(377,'61.142.10.87','2019-03-07'),(378,'::1','2019-03-07'),(379,'::1','2019-03-07'),(380,'::1','2019-03-07'),(381,'::1','2019-03-07'),(382,'::1','2019-03-07'),(383,'61.142.10.87','2019-03-07'),(384,'::1','2019-03-07'),(385,'::1','2019-03-07'),(386,'61.142.10.87','2019-03-07'),(387,'::1','2019-03-07'),(388,'::1','2019-03-07'),(389,'::1','2019-03-07'),(390,'::1','2019-03-07'),(391,'::1','2019-03-07'),(392,'61.142.10.87','2019-03-07'),(393,'::1','2019-03-07'),(394,'::1','2019-03-07'),(395,'::1','2019-03-07'),(396,'::1','2019-03-07'),(397,'61.142.10.87','2019-03-07'),(398,'::1','2019-03-07'),(399,'::1','2019-03-07'),(400,'61.142.10.87','2019-03-07'),(401,'::1','2019-03-07'),(402,'::1','2019-03-07'),(403,'::1','2019-03-07'),(404,'::1','2019-03-07'),(405,'::1','2019-03-07'),(406,'::1','2019-03-07'),(407,'::1','2019-03-07'),(408,'::1','2019-03-07'),(409,'::1','2019-03-08'),(410,'::1','2019-03-08'),(411,'61.142.10.87','2019-03-08'),(412,'::1','2019-03-08'),(413,'::1','2019-03-08'),(414,'::1','2019-03-08'),(415,'::1','2019-03-08'),(416,'::1','2019-03-08'),(417,'::1','2019-03-08'),(418,'::1','2019-03-08'),(419,'::1','2019-03-08'),(420,'::1','2019-03-08'),(421,'::1','2019-03-08'),(422,'::1','2019-03-08'),(423,'::1','2019-03-08'),(424,'::1','2019-03-08'),(425,'::1','2019-03-08'),(426,'::1','2019-03-08'),(427,'::1','2019-03-08'),(428,'::1','2019-03-08'),(429,'::1','2019-03-08'),(430,'::1','2019-03-08'),(431,'61.142.10.87','2019-03-08'),(432,'::1','2019-03-08'),(433,'::1','2019-03-08'),(434,'::1','2019-03-08'),(435,'::1','2019-03-08'),(436,'::1','2019-03-08'),(437,'::1','2019-03-08'),(438,'::1','2019-03-08'),(439,'::1','2019-03-08'),(440,'::1','2019-03-08'),(441,'::1','2019-03-08'),(442,'::1','2019-03-08'),(443,'61.142.10.87','2019-03-08'),(444,'::1','2019-03-08'),(445,'::1','2019-03-08'),(446,'::1','2019-03-08'),(447,'::1','2019-03-08'),(448,'::1','2019-03-08'),(449,'::1','2019-03-08'),(450,'::1','2019-03-08'),(451,'::1','2019-03-08'),(452,'::1','2019-03-08'),(453,'::1','2019-03-08'),(454,'::1','2019-03-08'),(455,'::1','2019-03-08'),(456,'::1','2019-03-08'),(457,'::1','2019-03-08'),(458,'::1','2019-03-08'),(459,'::1','2019-03-08'),(460,'::1','2019-03-08'),(461,'::1','2019-03-08'),(462,'::1','2019-03-08'),(463,'::1','2019-03-08'),(464,'::1','2019-03-08'),(465,'::1','2019-03-08'),(466,'::1','2019-03-08'),(467,'::1','2019-03-08'),(468,'::1','2019-03-08'),(469,'::1','2019-03-08'),(470,'::1','2019-03-08'),(471,'::1','2019-03-08'),(472,'::1','2019-03-08'),(473,'::1','2019-03-08'),(474,'::1','2019-03-08'),(475,'::1','2019-03-08'),(476,'::1','2019-03-08'),(477,'::1','2019-03-08'),(478,'::1','2019-03-08'),(479,'::1','2019-03-08'),(480,'::1','2019-03-08'),(481,'61.142.10.87','2019-03-08'),(482,'61.142.10.87','2019-03-08'),(483,'::1','2019-03-08'),(484,'::1','2019-03-08'),(485,'::1','2019-03-08'),(486,'::1','2019-03-08'),(487,'61.142.10.87','2019-03-08'),(488,'::1','2019-03-08'),(489,'::1','2019-03-08'),(490,'::1','2019-03-08'),(491,'::1','2019-03-08'),(492,'::1','2019-03-08'),(493,'::1','2019-03-08'),(494,'::1','2019-03-08'),(495,'::1','2019-03-08'),(496,'::1','2019-03-08'),(497,'::1','2019-03-08'),(498,'::1','2019-03-08'),(499,'::1','2019-03-08'),(500,'61.142.10.87','2019-03-08'),(501,'::1','2019-03-08'),(502,'::1','2019-03-08'),(503,'::1','2019-03-08'),(504,'::1','2019-03-08'),(505,'61.142.10.87','2019-03-08'),(506,'::1','2019-03-08'),(507,'::1','2019-03-08'),(508,'::1','2019-03-08'),(509,'::1','2019-03-08'),(510,'::1','2019-03-08'),(511,'::1','2019-03-08'),(512,'61.142.10.87','2019-03-08'),(513,'::1','2019-03-08'),(514,'::1','2019-03-08'),(515,'::1','2019-03-08'),(516,'::1','2019-03-08'),(517,'::1','2019-03-08'),(518,'::1','2019-03-08'),(519,'::1','2019-03-08'),(520,'::1','2019-03-08'),(521,'::1','2019-03-08'),(522,'::1','2019-03-08'),(523,'::1','2019-03-08'),(524,'::1','2019-03-08'),(525,'::1','2019-03-08'),(526,'::1','2019-03-08'),(527,'::1','2019-03-08'),(528,'::1','2019-03-08'),(529,'::1','2019-03-08'),(530,'::1','2019-03-08'),(531,'::1','2019-03-08'),(532,'::1','2019-03-08'),(533,'::1','2019-03-08'),(534,'::1','2019-03-08'),(535,'::1','2019-03-08'),(536,'::1','2019-03-08'),(537,'::1','2019-03-08'),(538,'::1','2019-03-08'),(539,'::1','2019-03-08'),(540,'::1','2019-03-08'),(541,'61.142.10.87','2019-03-09'),(542,'66.249.88.182','2019-03-09'),(543,'61.142.10.87','2019-03-09'),(544,'::1','2019-03-09'),(545,'61.142.10.87','2019-03-09'),(546,'61.142.10.87','2019-03-09'),(547,'61.142.10.87','2019-03-09'),(548,'61.142.10.87','2019-03-09'),(549,'61.142.10.87','2019-03-09'),(550,'::1','2019-03-09'),(551,'183.3.255.35','2019-03-09'),(552,'61.151.178.197','2019-03-09'),(553,'183.3.255.35','2019-03-09'),(554,'61.142.10.87','2019-03-09'),(555,'61.142.10.87','2019-03-09'),(556,'66.249.88.184','2019-03-10'),(557,'61.142.10.215','2019-03-11'),(558,'183.3.255.35','2019-03-11'),(559,'183.3.255.35','2019-03-11'),(560,'223.104.64.14','2019-03-11'),(561,'183.192.164.85','2019-03-11'),(562,'183.3.255.35','2019-03-11'),(563,'183.57.54.43','2019-03-13'),(564,'::1','2019-03-16'),(565,'::1','2019-03-16'),(566,'::1','2019-03-16'),(567,'::1','2019-03-16'),(568,'::1','2019-03-16'),(569,'::1','2019-03-16'),(570,'::1','2019-03-17'),(571,'::1','2019-03-17'),(572,'::1','2019-03-18'),(573,'::1','2019-03-18'),(574,'::1','2019-03-18'),(575,'::1','2019-03-18'),(576,'::1','2019-03-18'),(577,'::1','2019-03-18'),(578,'::1','2019-03-18'),(579,'::1','2019-03-18'),(580,'::1','2019-03-18'),(581,'::1','2019-03-18'),(582,'::1','2019-03-18'),(583,'::1','2019-03-18'),(584,'::1','2019-03-18'),(585,'::1','2019-03-18'),(586,'::1','2019-03-20'),(587,'::1','2019-03-28'),(588,'::1','2019-03-28'),(589,'::1','2019-03-28'),(590,'::1','2019-03-28'),(591,'::1','2019-03-28'),(592,'::1','2019-03-28'),(593,'::1','2019-03-28'),(594,'::1','2019-03-28'),(595,'::1','2019-03-28'),(596,'::1','2019-04-26'),(597,'::1','2019-04-26'),(598,'::1','2019-04-26'),(599,'::1','2019-04-26'),(600,'::1','2019-04-26'),(601,'::1','2019-04-26'),(602,'::1','2019-04-26'),(603,'::1','2019-04-26'),(604,'::1','2019-04-26'),(605,'::1','2019-05-01'),(606,'::1','2019-05-01'),(607,'::1','2019-05-01'),(608,'::1','2019-05-01'),(609,'::1','2019-05-01'),(610,'::1','2019-05-01'),(611,'::1','2019-05-01'),(612,'::1','2019-05-01'),(613,'::1','2019-05-01'),(614,'::1','2019-05-01'),(615,'::1','2019-05-01'),(616,'::1','2019-05-01'),(617,'::1','2019-05-01'),(618,'::1','2019-05-01'),(619,'::1','2019-05-01'),(620,'::1','2019-05-01'),(621,'::1','2019-05-01'),(622,'::1','2019-05-01'),(623,'::1','2019-05-01'),(624,'::1','2019-05-01'),(625,'::1','2019-05-01'),(626,'::1','2019-05-02'),(627,'::1','2019-05-02'),(628,'::1','2019-05-02'),(629,'::1','2019-05-02'),(630,'::1','2019-05-03'),(631,'::1','2019-05-03'),(632,'::1','2019-05-03'),(633,'::1','2019-05-03'),(634,'::1','2019-05-03'),(635,'::1','2019-05-03'),(636,'::1','2019-05-03'),(637,'::1','2019-05-03'),(638,'::1','2019-05-03'),(639,'::1','2019-05-03'),(640,'::1','2019-05-03'),(641,'::1','2019-05-03'),(642,'::1','2019-05-03'),(643,'::1','2019-05-03'),(644,'::1','2019-05-03'),(645,'::1','2019-05-03'),(646,'::1','2019-05-03'),(647,'::1','2019-05-03'),(648,'::1','2019-05-03'),(649,'::1','2019-05-03'),(650,'::1','2019-05-03'),(651,'::1','2019-05-03'),(652,'::1','2019-05-03'),(653,'::1','2019-05-03'),(654,'::1','2019-05-03'),(655,'::1','2019-05-03'),(656,'::1','2019-05-03'),(657,'::1','2019-05-03'),(658,'::1','2019-05-03'),(659,'::1','2019-05-03'),(660,'::1','2019-05-03'),(661,'::1','2019-05-03'),(662,'::1','2019-05-03'),(663,'::1','2019-05-03'),(664,'::1','2019-05-03'),(665,'::1','2019-05-03'),(666,'::1','2019-05-03'),(667,'::1','2019-05-03'),(668,'::1','2019-05-03'),(669,'::1','2019-05-03'),(670,'::1','2019-05-03'),(671,'::1','2019-05-03'),(672,'::1','2019-05-03'),(673,'::1','2019-05-04'),(674,'::1','2019-05-04'),(675,'::1','2019-05-04'),(676,'::1','2019-05-04'),(677,'::1','2019-05-04'),(678,'::1','2019-05-04'),(679,'::1','2019-05-04'),(680,'::1','2019-05-04'),(681,'::1','2019-05-04'),(682,'::1','2019-05-04'),(683,'::1','2019-05-04'),(684,'::1','2019-05-04'),(685,'::1','2019-05-04'),(686,'::1','2019-05-04'),(687,'::1','2019-05-04'),(688,'::1','2019-05-04'),(689,'::1','2019-05-04'),(690,'::1','2019-05-04'),(691,'::1','2019-05-04'),(692,'::1','2019-05-04'),(693,'::1','2019-05-04'),(694,'::1','2019-05-04'),(695,'::1','2019-05-04'),(696,'::1','2019-05-04'),(697,'::1','2019-05-04'),(698,'::1','2019-05-04'),(699,'::1','2019-05-04'),(700,'::1','2019-05-04'),(701,'::1','2019-05-04'),(702,'::1','2019-05-04'),(703,'::1','2019-05-05'),(704,'::1','2019-05-05'),(705,'::1','2019-05-06'),(706,'::1','2019-05-06'),(707,'::1','2019-05-06'),(708,'::1','2019-05-06'),(709,'::1','2019-05-06'),(710,'::1','2019-05-06'),(711,'::1','2019-05-06'),(712,'::1','2019-05-06'),(713,'::1','2019-05-06'),(714,'::1','2019-05-06'),(715,'::1','2019-05-06'),(716,'::1','2019-05-06'),(717,'::1','2019-05-06'),(718,'::1','2019-05-06'),(719,'::1','2019-05-06'),(720,'::1','2019-05-06'),(721,'::1','2019-05-07'),(722,'::1','2019-05-07'),(723,'::1','2019-05-07'),(724,'::1','2019-05-07'),(725,'::1','2019-05-07'),(726,'::1','2019-05-07'),(727,'::1','2019-05-07'),(728,'::1','2019-05-07'),(729,'::1','2019-05-07'),(730,'::1','2019-05-07'),(731,'::1','2019-05-07'),(732,'::1','2019-05-07'),(733,'::1','2019-05-07'),(734,'::1','2019-05-07'),(735,'::1','2019-05-07'),(736,'::1','2019-05-07'),(737,'::1','2019-05-07'),(738,'::1','2019-05-07'),(739,'::1','2019-05-07'),(740,'::1','2019-05-07'),(741,'::1','2019-05-07'),(742,'::1','2019-05-07'),(743,'::1','2019-05-07'),(744,'::1','2019-05-07'),(745,'::1','2019-05-07'),(746,'::1','2019-05-07'),(747,'::1','2019-05-07'),(748,'::1','2019-05-07'),(749,'::1','2019-05-07'),(750,'::1','2019-05-07'),(751,'::1','2019-05-30'),(752,'::1','2019-05-30'),(753,'::1','2019-05-30'),(754,'::1','2019-05-30'),(755,'::1','2019-06-01'),(756,'::1','2019-06-01'),(757,'::1','2019-06-01'),(758,'::1','2019-06-01'),(759,'::1','2019-06-03'),(760,'::1','2019-07-05'),(761,'::1','2019-07-05'),(762,'::1','2020-04-22'),(763,'::1','2020-04-22'),(764,'::1','2020-04-22');
/*!40000 ALTER TABLE `hm_userlog` ENABLE KEYS */;

#
# Procedure "getfourdate"
#

DROP PROCEDURE IF EXISTS `getfourdate`;
CREATE PROCEDURE `getfourdate`(

)
BEGIN 
  SELECT count(*) as TodayVisitor
	 ,(SELECT count(DISTINCT ip)  from hm_UserLog where TO_DAYS(time)=TO_DAYS(now())) as TodayUser
	,(SELECT count(*) from hm_UserLog where DATE_SUB(CURDATE(), INTERVAL 30 DAY) <= time) as MouthVisitor
	,(SELECT count(DISTINCT ip) from hm_UserLog where DATE_SUB(CURDATE(), INTERVAL 30 DAY) <= time) as MouthUser
   from hm_UserLog where TO_DAYS(time)=TO_DAYS(now());
 
END;

#
# Procedure "getjson"
#

DROP PROCEDURE IF EXISTS `getjson`;
CREATE PROCEDURE `getjson`(

)
BEGIN 
 SELECT time,count(ip) as amountvisitor,count(distinct ip) as orderuser from hm_UserLog where DATE_SUB(CURDATE(), INTERVAL 30 DAY) <= time GROUP BY time;
 
END;
